index,actor
0,Tim Robbins
1,Marlon Brando
2,Christian Bale
3,Al Pacino
4,Henry Fonda
5,Elijah Wood
6,John Travolta
7,Liam Neeson
8,Leonardo DiCaprio
9,Brad Pitt
10,Elijah Wood
11,Tom Hanks
12,Clint Eastwood
13,Elijah Wood
14,Lilly Wachowski
15,Robert De Niro
16,Mark Hamill
17,Jack Nicholson
18,Lin-Manuel Miranda
19,Kang-ho Song
20,Suriya
21,Matthew McConaughey
22,Kátia Lund
23,Daveigh Chase
24,Tom Hanks
25,Tom Hanks
26,Roberto Benigni
27,Morgan Freeman
28,Jodie Foster
29,Mark Hamill
30,Tatsuya Nakadai
31,Toshirô Mifune
32,James Stewart
33,Joaquin Phoenix
34,Miles Teller
35,Éric Toledano
36,Christian Bale
37,Leonardo DiCaprio
38,Adrien Brody
39,Russell Crowe
40,Edward Norton
41,Kevin Spacey
42,Jean Reno
43,Rob Minkoff
44,Arnold Schwarzenegger
45,Philippe Noiret
46,Tsutomu Tatsumi
47,Michael J. Fox
48,Henry Fonda
49,Anthony Perkins
50,Humphrey Bogart
51,Charles Chaplin
52,Charles Chaplin
53,Zain Al Rafeea
54,Erdem Can
55,Pushkar
56,Ryûnosuke Kamiki
57,Aamir Khan
58,Peter Ramsey
59,Joe Russo
60,Joe Russo
61,Adrian Molina
62,Jamie Foxx
63,Christian Bale
64,Aamir Khan
65,Amole Gupte
66,Ben Burtt
67,Ulrich Mühe
68,Choi Min-sik
69,Guy Pearce
70,Yôji Matsuda
71,Robert De Niro
72,Harrison Ford
73,Jack Nicholson
74,Martin Sheen
75,Sigourney Weaver
76,Rajesh Khanna
77,Toshirô Mifune
78,Peter Sellers
79,Tyrone Power
80,Kirk Douglas
81,James Stewart
82,William Holden
83,Charles Chaplin
84,Dean-Charles Chapman
85,Anand Gandhi
86,Ayushmann Khurrana
87,Mohanlal
88,Mads Mikkelsen
89,Payman Maadi
90,Lubna Azabal
91,Aras Bulut Iynemli
92,Çetin Tekindor
93,Brad Pitt
94,Jim Carrey
95,Audrey Tautou
96,Jason Statham
97,Ellen Burstyn
98,Kevin Spacey
99,Robin Williams
100,Mohammad Amir Naji
101,Tom Hanks
102,Mel Gibson
103,Harvey Keitel
104,Matthew Modine
105,Aleksey Kravchenko
106,Sigourney Weaver
107,F. Murray Abraham
108,Al Pacino
109,Mark Hamill
110,
111,Robert De Niro
112,Paul Newman
113,Malcolm McDowell
114,Keir Dullea
115,Clint Eastwood
116,Peter O'Toole
117,Jack Lemmon
118,Cary Grant
119,James Stewart
120,Gene Kelly
121,Takashi Shimura
122,Lamberto Maggiorani
123,Fred MacMurray
124,
125,Peter Lorre
126,Brigitte Helm
127,Charles Chaplin
128,Sushant Singh Rajput
129,Vicky Kaushal
130,Yash
131,Viggo Mortensen
132,Frances McDormand
133,Irrfan Khan
134,Prabhas
135,Carlos Martínez López
136,Ajay Devgn
137,Kangana Ranaut
138,Lembit Ulfsak
139,Farhan Akhtar
140,Manoj Bajpayee
141,Rajat Barmecha
142,Irrfan Khan
143,Ricardo Darín
144,Tom Hardy
145,Leonardo DiCaprio
146,Bob Peterson
147,Leonardo DiCaprio
148,Shah Rukh Khan
149,Daniel Day-Lewis
150,Ivana Baquero
151,Tom Hanks
152,Hugo Weaving
153,Aamir Khan
154,Amitabh Bachchan
155,Christian Bale
156,Shah Rukh Khan
157,Bruno Ganz
158,Chieko Baishô
159,Russell Crowe
160,Akshay Kumar
161,Jason Flemyng
162,Kevin Spacey
163,Sener Sen
164,Al Pacino
165,Robert De Niro
166,Aamir Khan
167,Clint Eastwood
168,Harrison Ford
169,Davor Dujmovic
170,Hitoshi Takagi
171,Bruce Willis
172,Tatsuya Nakadai
173,Robert De Niro
174,Alisa Freyndlikh
175,Ingrid Bergman
176,Anthony Quinn
177,Sanjeev Kumar
178,Terry Jones
179,Steve McQueen
180,Gregory Peck
181,Toshirô Mifune
182,Spencer Tracy
183,Marilyn Monroe
184,Victor Sjöström
185,Max von Sydow
186,Jean Servais
187,Ray Milland
188,Chishû Ryû
189,Toshirô Mifune
190,Bette Davis
191,Humphrey Bogart
192,Carole Lombard
193,Charles Chaplin
194,Buster Keaton
195,Noémie Merlant
196,Taapsee Pannu
197,Miyu Irino
198,Mario Casas
199,Kim Min-hee
200,Anne Dorval
201,Shahid Kapoor
202,Hugh Jackman
203,Brie Larson
204,Darío Grandinetti
205,Kemp Powers
206,Haluk Bilginer
207,Aamir Khan
208,Paresh Rawal
209,Ralph Fiennes
210,Ben Affleck
211,Aoi Miyazaki
212,Andrew Garfield
213,Ronnie Del Carmen
214,Ranbir Kapoor
215,Chiwetel Ejiofor
216,Daniel Brühl
217,Matt Damon
218,Mark Ruffalo
219,David Rawle
220,Vidya Balan
221,Hrithik Roshan
222,Hugh Jackman
223,Tom Hardy
224,Anupam Kher
225,Clint Eastwood
226,Daniel Radcliffe
227,Masahiro Motoki
228,Richard Gere
229,Toni Collette
230,Chris Sanders
231,Emile Hirsch
232,Joel Coen
233,Sanjay Dutt
234,Hilary Swank
235,Don Cheadle
236,Jang Dong-Gun
237,Ethan Hawke
238,Sanjay Dutt
239,Kang-ho Song
240,Aamir Khan
241,Uma Thurman
242,Lee Unkrich
243,Leonardo DiCaprio
244,Emilio Echevarría
245,David Silverman
246,Kazuya Tsurumaki
247,Aamir Khan
248,Bruce Willis
249,Tim Roth
250,Jim Carrey
251,Bajram Severdzan
252,Ethan Coen
253,Tony Chiu-Wai Leung
254,Ewan McGregor
255,Ethan Coen
256,Predrag 'Miki' Manojlovic
257,Vincent Cassel
258,Shah Rukh Khan
259,Ethan Hawke
260,Irène Jacob
261,Brigitte Lin
262,Sam Neill
263,Daniel Day-Lewis
264,Leslie Cheung
265,Gong Li
266,Robin Williams
267,Wil Wheaton
268,Charlie Sheen
269,Harry Dean Stanton
270,Sumi Shimamoto
271,Kurt Russell
272,Bob Geldof
273,Klaus Kinski
274,Bertil Guve
275,Harrison Ford
276,Anthony Hopkins
277,Graham Chapman
278,Robert De Niro
279,Sylvester Stallone
280,Faye Dunaway
281,Ryan O'Neal
282,Margarita Terekhova
283,Jack Nicholson
284,Ryan O'Neal
285,Harriet Andersson
286,Natalya Bondarchuk
287,Alain Delon
288,Paul Newman
289,Bibi Andersson
290,Anatoliy Solonitsyn
291,Brahim Hadjadj
292,Silvia Pinal
293,Bette Davis
294,Toshirô Mifune
295,James Stewart
296,Eduard Abalov
297,Max von Sydow
298,Spencer Tracy
299,Jean-Pierre Léaud
300,Charlton Heston
301,Toshirô Mifune
302,Giulietta Masina
303,Toshirô Mifune
304,William Holden
305,Marlon Brando
306,Yves Montand
307,Kirk Douglas
308,James Cagney
309,Orson Welles
310,Emeric Pressburger
311,Margaret Sullavan
312,Laurence Olivier
313,James Stewart
314,George Cukor
315,Jean Gabin
316,Clark Gable
317,Maria Falconetti
318,Charles Chaplin
319,George O'Brien
320,Buster Keaton
321,Werner Krauss
322,Ayushmann Khurrana
323,Willem Dafoe
324,Akshay Kumar
325,Salman Khan
326,Akshay Kumar
327,Ryan Gosling
328,Dev Patel
329,Matt Damon
330,Rich Moore
331,Prabhas
332,Chloë Grace Moretz
333,Jacob Tremblay
334,Vijay Varma
335,Akshay Kumar
336,Brie Larson
337,Iko Uwais
338,Benedict Cumberbatch
339,Chris Pratt
340,Harrison Ford
341,Joaquin Phoenix
342,Rami Malek
343,Leonardo DiCaprio
344,Logan Lerman
345,Wagner Moura
346,Colin Firth
347,Emma Stone
348,Ryan Reynolds
349,Golshifteh Farahani
350,Abhay Deol
351,Donnie Yen
352,Shah Rukh Khan
353,Erdem Can
354,Loveleen Tandan
355,Natalie Portman
356,Wagner Moura
357,Robert Downey Jr.
358,Marjane Satrapi
359,Matthew McConaughey
360,Will Smith
361,Leonardo DiCaprio
362,Matt Damon
363,Seung-Yun Lee
364,Quentin Tarantino
365,
366,Cem Yilmaz
367,Jan Pinkava
368,Daniel Craig
369,Uma Thurman
370,Vladimir Garin
371,Ki-duk Kim
372,Javier Bardem
373,Russell Crowe
374,Preity Zinta
375,Alan Mak
376,Johnny Depp
377,Ewan McGregor
378,Craig T. Nelson
379,Tae-Hyun Cha
380,Nicole Kidman
381,Ömer Faruk Sorak
382,Jake Gyllenhaal
383,Tom Cruise
384,Björk
385,Richard Farnsworth
386,Junko Iwao
387,Ulrich Thomsen
388,Fernanda Montenegro
389,Eli Marienthal
390,Til Schweiger
391,Billy Bob Thornton
392,Timothy Spall
393,Bruce Willis
394,Atsuko Tanaka
395,Danny Elfman
396,Bill Murray
397,Damian Chapa
398,Al Pacino
399,John Musker
400,Kevin Costner
401,Kirk Wise
402,Kevin Costner
403,Danny Aiello
404,
405,Mitsuo Iwata
406,Cary Elwes
407,Bruno Ganz
408,Gaspard Manesse
409,Mayumi Tanaka
410,Arnold Schwarzenegger
411,Ben Kingsley
412,Tatsuya Nakadai
413,Peter Sellers
414,Woody Allen
415,Roy Scheider
416,Al Pacino
417,Gene Wilder
418,Steve McQueen
419,Ellen Burstyn
420,Laurence Olivier
421,Timothy Bottoms
422,Topol
423,Jean-Louis Trintignant
424,Paul Newman
425,Mia Farrow
426,Charlton Heston
427,Dustin Hoffman
428,Elizabeth Taylor
429,Julie Andrews
430,Omar Sharif
431,Clint Eastwood
432,Marcello Mastroianni
433,Anna Karina
434,Paul Newman
435,Marcello Mastroianni
436,John Wayne
437,James Stewart
438,Charlton Heston
439,Elizabeth Taylor
440,Burt Lancaster
441,Sterling Hayden
442,Robert Mitchum
443,Anthony Quinn
444,Simone Signoret
445,William Holden
446,Gregory Peck
447,Vivien Leigh
448,Humphrey Bogart
449,Dennis Price
450,James Stewart
451,Robert Mitchum
452,Celia Johnson
453,Gene Tierney
454,Myrna Loy
455,Cary Grant
456,Humphrey Bogart
457,Henry Fonda
458,George Cukor
459,Marcel Dalio
460,William Powell
461,Lew Ayres
462,Aleksandr Antonov
463,Daniel Craig
464,Sushant Singh Rajput
465,Lily Franky
466,Adam Driver
467,Armie Hammer
468,Laura Obiols
469,Bryan Cranston
470,Sam Neill
471,Viggo Mortensen
472,Ferdia Walsh-Peelo
473,Chris Hemsworth
474,Jake Gyllenhaal
475,Roman Griffin Davis
476,Amy Adams
477,Daisy Ridley
478,Ethan Hawke
479,Patrick Stewart
480,Muhammet Uzuner
481,Jean Dujardin
482,Tom Cruise
483,Jean-Louis Trintignant
484,Robert De Niro
485,Tahar Rahim
486,Sam Rockwell
487,Kåre Hedebrant
488,Sharlto Copley
489,Mickey Rourke
490,Shahid Kapoor
491,Ellar Coltrane
492,Anamaria Marinca
493,Chris Pine
494,Colin Farrell
495,David Lee Smith
496,Ken Watanabe
497,Lee Pace
498,Suraj Sharma
499,George Clooney
500,Michel Côté
501,Gérard Jugnot
502,Robert Downey Jr.
503,Simon Pegg
504,Birol Ünel
505,Sean Penn
506,Daniel Radcliffe
507,Jet Li
508,Rosario Flores
509,Branko Djuric
510,Tensai Okamura
511,Franka Potente
512,Ricardo Darín
513,Julianne Moore
514,Billy Crudup
515,Naomi Watts
516,Ash Brannon
517,Mark Wahlberg
518,Yoko Honna
519,Rena Owen
520,Christian Slater
521,Juliette Binoche
522,Kôichi Yamadera
523,Al Pacino
524,Johnny Depp
525,Daniel Day-Lewis
526,Martin Landau
527,Kevin Costner
528,Mia Farrow
529,Jonathan Pryce
530,Rob Reiner
531,Peter Billingsley
532,John Belushi
533,Woody Allen
534,Roy Scheider
535,David Emge
536,Dustin Hoffman
537,Alejandro Jodorowsky
538,Magali Noël
539,Fernando Rey
540,Klaus Kinski
541,Ruth Gordon
542,George C. Scott
543,William Holden
544,Duane Jones
545,Peter O'Toole
546,Sidney Poitier
547,Cary Grant
548,Frank Sinatra
549,Kirk Douglas
550,Gabriele Ferzetti
551,Emmanuelle Riva
552,Charlton Heston
553,John Wayne
554,James Dean
555,Gary Cooper
556,Farley Granger
557,James Stewart
558,Edmund Gwenn
559,Cary Grant
560,Humphrey Bogart
561,Ray Milland
562,Cary Grant
563,Cary Grant
564,William Keighley
565,Edmund Goulding
566,Ernest B. Schoedsack
567,Wallace Ford
568,Max Schreck
569,Matthew McConaughey
570,Alia Bhatt
571,Riz Ahmed
572,Shahab Hosseini
573,Fionn Whitehead
574,Giuseppe Battiston
575,Taraji P. Henson
576,Ben Whishaw
577,Shahid Kapoor
578,Charlize Theron
579,Sushant Singh Rajput
580,Casey Affleck
581,Roland Møller
582,Felicity Jones
583,Joe Russo
584,Samuel L. Jackson
585,Saoirse Ronan
586,Hugh Welchman
587,Bill Nighy
588,Bérénice Bejo
589,Toni Servillo
590,Irrfan Khan
591,Ayushmann Khurrana
592,Chris Williams
593,Domhnall Gleeson
594,Sridevi
595,Hideaki Anno
596,Tom Hanks
597,Geoffrey Rush
598,Jared Gilman
599,Jay Baruchel
600,Christian Bale
601,Takako Matsu
602,Lee Byung-Hun
603,Daniel Craig
604,Tom Hanks
605,Won Bin
606,O'Shea Jackson Jr.
607,Hye-ja Kim
608,Kim Yoon-seok
609,Ian McKellen
610,Christian Friedel
611,Michael Nyqvist
612,Eddie Redmayne
613,Mads Mikkelsen
614,Mark Wahlberg
615,Liam Neeson
616,Asa Butterfield
617,Glen Hansard
618,Martin Freeman
619,Baki Davrak
620,Keira Knightley
621,Ryan Gosling
622,Denzel Washington
623,Sam Worthington
624,Jared Leto
625,Gerardo Taracena
626,Valerie Faris
627,Simon Pegg
628,Brad Pitt
629,Shah Rukh Khan
630,Ulrich Thomsen
631,Keira Knightley
632,Anthony Hopkins
633,Shôgo Furuya
634,Nathan Fillion
635,Joaquin Phoenix
636,Andreas Wilson
637,Gena Rowlands
638,Gael García Bernal
639,Oksana Akinshina
640,Michèle Caucheteux
641,Lee Yeong-ae
642,Jim Caviezel
643,Ethan Hawke
644,Denzel Washington
645,Yun-Fat Chow
646,Cecilia Roth
647,Tom Hanks
648,Willem Dafoe
649,Russell Crowe
650,Jake Gyllenhaal
651,Vicky Jenson
652,Leonardo DiCaprio
653,Takeshi Kitano
654,Ethan Hawke
655,Michael Douglas
656,
657,Johnny Depp
658,Johnny Depp
659,Kevin Jarre
660,Tom Guiry
661,Anthony Hopkins
662,David Thewlis
663,Harrison Ford
664,Robert De Niro
665,Boyd Kirkland
666,Yun-Fat Chow
667,Winona Ryder
668,
669,Cuba Gooding Jr.
670,James Caan
671,Robert De Niro
672,Kirsten Dunst
673,Matthew Broderick
674,Yun-Fat Chow
675,Michael J. Fox
676,Gene Hackman
677,Arnold Schwarzenegger
678,Bruce Campbell
679,Matthew Broderick
680,Tom Waits
681,Sean Astin
682,Danny Glover
683,Emilio Estevez
684,Sam Waterston
685,Bill Murray
686,Sam Shepard
687,Robert De Niro
688,Henry Thomas
689,Dustin Hoffman
690,Richard Gere
691,Clint Eastwood
692,Sean Connery
693,Gene Hackman
694,Barry Bostwick
695,Edward Fox
696,Martin Sheen
697,Liza Minnelli
698,Gene Wilder
699,Dustin Hoffman
700,Audrey Hepburn
701,Spencer Tracy
702,Warren Beatty
703,Audrey Hepburn
704,Julie Andrews
705,Andrew Marton
706,Jeanne Moreau
707,Deborah Kerr
708,Jean-Paul Belmondo
709,Arthur Rosson
710,Humphrey Bogart
711,Humphrey Bogart
712,Teresa Wright
713,John Wayne
714,Margaret Lockwood
715,Katharine Hepburn
716,Boris Karloff
717,Groucho Marx
718,Richard Rosson
719,Colin Clive
720,Yalitza Aparicio
721,Josh O'Connor
722,Ryan Reynolds
723,Kelsey Asbille
724,Daniel Kaluuya
725,Tom Cruise
726,Rolf Lassgård
727,Taika Waititi
728,Hiromasa Yonebayashi
729,Eddie Redmayne
730,Colin Firth
731,Shailene Woodley
732,Thomas Mann
733,Michael Keaton
734,Léa Seydoux
735,Amit Sadh
736,Veerle Baetens
737,Joe Russo
738,Ranbir Kapoor
739,Bruce Dern
740,John C. Reilly
741,Jeff Bridges
742,Adrien Brody
743,Owen Wilson
744,Phil Lord
745,Sandra Bullock
746,Chris Pine
747,Abraham Attah
748,Jesse Eisenberg
749,James McAvoy
750,Zach Galifianakis
751,Daniel Craig
752,Bradley Cooper
753,Ben Affleck
754,Zooey Deschanel
755,Daniel Radcliffe
756,Cate Blanchett
757,Frank Langella
758,Megumi Hayashibara
759,Angelina Jolie
760,Madeline Carroll
761,Riisa Naka
762,Tatsuya Fujiwara
763,Thomas Turgoose
764,Alicia Vikander
765,Mads Mikkelsen
766,James McAvoy
767,Jake Gyllenhaal
768,Josh Hartnett
769,Diane Kruger
770,Sam Riley
771,Byron Howard
772,Carice van Houten
773,Jake Gyllenhaal
774,Russell Crowe
775,Don Cheadle
776,Stephen Chow
777,Matt Damon
778,Christian Bale
779,Jamie Foxx
780,Bill Murray
781,Daniel Radcliffe
782,Denzel Washington
783,Dakota Fanning
784,Tom Cruise
785,Eileen Walsh
786,Daniel Brühl
787,Paddy Considine
788,Sean Penn
789,Nicolas Cage
790,Josh Hartnett
791,Tom Hanks
792,Moritz Bleibtreu
793,Jamie Bell
794,John Cameron Mitchell
795,George Clooney
796,Andrew Philpot
797,Ethan Coen
798,James Marsden
799,Trey Parker
800,Ron Livingston
801,Jane Adams
802,Denzel Washington
803,Jason Schwartzman
804,Eduardo Noriega
805,John Cusack
806,Jack Nicholson
807,Bruce Willis
808,Thierry Lhermitte
809,Al Pacino
810,Geoffrey Rush
811,Richard Gere
812,Kenneth Branagh
813,Liesel Matthews
814,Leon Lai
815,Massimo Troisi
816,Brian O'Halloran
817,Andie MacDowell
818,Tom Hanks
819,Michael Caine
820,Denzel Washington
821,Daniel Day-Lewis
822,Shûichirô Moriyama
823,Al Pacino
824,Tom Cruise
825,Kathy Bates
826,Ethan Coen
827,Ethan Coen
828,Bob Hoskins
829,Bernard-Pierre Donnadieu
830,Richard E. Grant
831,John Lone
832,Christian Bale
833,Sean Connery
834,Isabella Rossellini
835,Mia Farrow
836,Griffin Dunne
837,Woody Allen
838,Paul Newman
839,William Shatner
840,Sylvester Stallone
841,Donald Sutherland
842,David Zucker
843,Yasuo Yamada
844,Donald Pleasence
845,Roman Polanski
846,Woody Allen
847,Walter Matthau
848,Cleavon Little
849,Al Pacino
850,Bruce Lee
851,Jon Voight
852,Gene Hackman
853,Clint Eastwood
854,Richard Burton
855,Jack Lemmon
856,Lee Marvin
857,Catherine Deneuve
858,Paul Scofield
859,Catherine Deneuve
860,Stanley Baker
861,Sean Connery
862,Rod Taylor
863,Gregory Peck
864,Karlheinz Böhm
865,Yul Brynner
866,Pierre Brasseur
867,Kevin McCarthy
868,James Dean
869,Alec Guinness
870,Humphrey Bogart
871,John Wayne
872,Michael Rennie
873,Humphrey Bogart
874,Rita Hayworth
875,Samuel Armstrong
876,Claude Rains
877,Mark Ruffalo
878,John Cho
879,Leonardo DiCaprio
880,Maryana Spivak
881,Brooklynn Prince
882,Michael B. Jordan
883,Chris Evans
884,Michael Schwartz
885,Laia Costa
886,Günes Sensoy
887,Chris Pratt
888,Ansel Elgort
889,Josh Brolin
890,Tom Hanks
891,Craig T. Nelson
892,John Musker
893,Emily Blunt
894,Michael B. Jordan
895,Aleksey Serebryakov
896,Chris Pine
897,Judi Dench
898,Gary Oldman
899,Jose Coronado
900,Iko Uwais
901,Jake Gyllenhaal
902,Amy Poehler
903,Lady Gaga
904,Joel Coen
905,Mikael Persbrandt
906,Chris Renaud
907,Joseph Gordon-Levitt
908,Aaron Taylor-Johnson
909,Luis Tosar
910,Brad Pitt
911,Antonio Banderas
912,Jesse Eisenberg
913,Jürgen Vogel
914,Robert Downey Jr.
915,Quinton Aaron
916,Richard Jenkins
917,Will Smith
918,Naomi Watts
919,Charlie Cox
920,Nora Twomey
921,Denzel Washington
922,Morgan Freeman
923,Marion Cotillard
924,Jet Li
925,Edward Norton
926,Paddy Considine
927,Daniel Radcliffe
928,Gerard Butler
929,Scarlett Johansson
930,Jackie Earle Haley
931,Nicolas Cage
932,Cary Elwes
933,Philip Seymour Hoffman
934,Brady Corbet
935,Guillaume Canet
936,Audrey Tautou
937,Peter Dinklage
938,Sean Penn
939,Kang-ho Song
940,Johnny Depp
941,Edward Norton
942,J. Mackye Gruber
943,Cillian Murphy
944,Tatsuya Fujiwara
945,Gene Hackman
946,Maribel Verdú
947,Daniel Radcliffe
948,Nicole Kidman
949,Johnny Depp
950,Jude Law
951,Tom Cruise
952,Denzel Washington
953,Christian Bale
954,Franka Potente
955,Jim Caviezel
956,Barry Cook
957,Johnny Depp
958,Susanne Lothar
959,Rufus Sewell
960,Robert De Niro
961,Bill Pullman
962,Emma Thompson
963,Bruce Willis
964,Johnny Depp
965,Clint Eastwood
966,Tom Hanks
967,Zbigniew Zamachowski
968,Michael Douglas
969,Jason London
970,Joe Pesci
971,Miki Imai
972,Jean-Pierre Jeunet
973,Macaulay Culkin
974,Al Pacino
975,Billy Crystal
976,John Musker
977,Leslie Nielsen
978,Steve Martin
979,Mel Gibson
980,Ethan Coen
981,Katharine Hepburn
982,Mel Gibson
983,Michael Beck
984,Jim Henson
985,Clint Eastwood
986,John Hubley
987,Brad Davis
988,Richard Dreyfuss
989,Elliott Gould
990,Rod Steiger
991,Clint Eastwood
992,Phil Harris
993,David Hemmings
994,John Lennon
995,Audrey Hepburn
996,Elizabeth Taylor
997,Burt Lancaster
998,Tallulah Bankhead
999,Robert Donat
1000,Morgan Freeman
1001,Al Pacino
1002,Heath Ledger
1003,Robert De Niro
1004,Lee J. Cobb
1005,Viggo Mortensen
1006,Uma Thurman
1007,Ralph Fiennes
1008,Joseph Gordon-Levitt
1009,Edward Norton
1010,Ian McKellen
1011,Robin Wright
1012,Eli Wallach
1013,Ian McKellen
1014,Keanu Reeves
1015,Ray Liotta
1016,Harrison Ford
1017,Louise Fletcher
1018,Phillipa Soo
1019,Lee Sun-kyun
1020,Madhavan
1021,Anne Hathaway
1022,Alexandre Rodrigues
1023,Suzanne Pleshette
1024,Matt Damon
1025,Michael Clarke Duncan
1026,Nicoletta Braschi
1027,Brad Pitt
1028,Anthony Hopkins
1029,Harrison Ford
1030,Akira Ishihama
1031,Takashi Shimura
1032,Donna Reed
1033,Robert De Niro
1034,J.K. Simmons
1035,François Cluzet
1036,Hugh Jackman
1037,Matt Damon
1038,Thomas Kretschmann
1039,Joaquin Phoenix
1040,Edward Furlong
1041,Gabriel Byrne
1042,Gary Oldman
1043,Matthew Broderick
1044,Linda Hamilton
1045,Enzo Cannavale
1046,Ayano Shiraishi
1047,Christopher Lloyd
1048,Charles Bronson
1049,Janet Leigh
1050,Ingrid Bergman
1051,Paulette Goddard
1052,Virginia Cherrill
1053,Yordanos Shiferaw
1054,Çetin Tekindor
1055,Madhavan
1056,Mone Kamishiraishi
1057,Sakshi Tanwar
1058,Rodney Rothman
1059,Robert Downey Jr.
1060,Robert Downey Jr.
1061,Anthony Gonzalez
1062,Christoph Waltz
1063,Tom Hardy
1064,Madhavan
1065,Darsheel Safary
1066,Elissa Knight
1067,Martina Gedeck
1068,Yoo Ji-Tae
1069,Carrie-Anne Moss
1070,Yuriko Ishida
1071,James Woods
1072,Karen Allen
1073,Shelley Duvall
1074,Marlon Brando
1075,Tom Skerritt
1076,Amitabh Bachchan
1077,Yutaka Sada
1078,George C. Scott
1079,Marlene Dietrich
1080,Ralph Meeker
1081,Grace Kelly
1082,Gloria Swanson
1083,Paulette Goddard
1084,George MacKay
1085,Adesh Prasad
1086,Tabu
1087,Meena
1088,Thomas Bo Larsen
1089,Leila Hatami
1090,Mélissa Désormeaux-Poulin
1091,Nisa Sofiya Aksongur
1092,Fikret Kuskan
1093,Diane Kruger
1094,Kate Winslet
1095,Mathieu Kassovitz
1096,Brad Pitt
1097,Jared Leto
1098,Annette Bening
1099,Matt Damon
1100,Amir Farrokh Hashemian
1101,Tim Allen
1102,Sophie Marceau
1103,Tim Roth
1104,R. Lee Ermey
1105,Olga Mironova
1106,Michael Biehn
1107,Tom Hulce
1108,Michelle Pfeiffer
1109,Harrison Ford
1110,
1111,Jodie Foster
1112,Robert Redford
1113,Patrick Magee
1114,Gary Lockwood
1115,Lee Van Cleef
1116,Alec Guinness
1117,Shirley MacLaine
1118,Eva Marie Saint
1119,Kim Novak
1120,Gene Kelly
1121,Nobuo Kaneko
1122,Enzo Staiola
1123,Barbara Stanwyck
1124,
1125,Ellen Widmann
1126,Alfred Abel
1127,Edna Purviance
1128,Shraddha Kapoor
1129,Paresh Rawal
1130,Srinidhi Shetty
1131,Mahershala Ali
1132,Woody Harrelson
1133,Konkona Sen Sharma
1134,Rana Daggubati
1135,Jason Schwartzman
1136,Shriya Saran
1137,Rajkummar Rao
1138,Elmo Nüganen
1139,Sonam Kapoor
1140,Richa Chadha
1141,Ronit Roy
1142,Mahie Gill
1143,Soledad Villamil
1144,Nick Nolte
1145,Emily Mortimer
1146,Edward Asner
1147,Jonah Hill
1148,Vidya Malvade
1149,Paul Dano
1150,Ariadna Gil
1151,Tim Allen
1152,Natalie Portman
1153,Soha Ali Khan
1154,Rani Mukerji
1155,Michael Caine
1156,Gayatri Joshi
1157,Alexandra Maria Lara
1158,Takuya Kimura
1159,Ed Harris
1160,Sunil Shetty
1161,Dexter Fletcher
1162,Russell Crowe
1163,Ugur Yücel
1164,Robert De Niro
1165,Sharon Stone
1166,Salman Khan
1167,Gene Hackman
1168,Sean Connery
1169,Bora Todorovic
1170,Noriko Hidaka
1171,Alan Rickman
1172,Akira Terao
1173,Cathy Moriarty
1174,Aleksandr Kaydanovskiy
1175,Liv Ullmann
1176,Irene Papas
1177,Dharmendra
1178,Graham Chapman
1179,James Garner
1180,John Megna
1181,Eijirô Tôno
1182,Burt Lancaster
1183,Tony Curtis
1184,Bibi Andersson
1185,Gunnar Björnstrand
1186,Carl Möhner
1187,Grace Kelly
1188,Chieko Higashiyama
1189,Machiko Kyô
1190,Anne Baxter
1191,Walter Huston
1192,Jack Benny
1193,Mack Swain
1194,Kathryn McGuire
1195,Adèle Haenel
1196,Amitabh Bachchan
1197,Saori Hayami
1198,Ana Wagener
1199,Jung-woo Ha
1200,Antoine Olivier Pilon
1201,Tabu
1202,Patrick Stewart
1203,Jacob Tremblay
1204,María Marull
1205,Jamie Foxx
1206,Melisa Sözen
1207,Anushka Sharma
1208,Akshay Kumar
1209,F. Murray Abraham
1210,Rosamund Pike
1211,Takao Osawa
1212,Sam Worthington
1213,Amy Poehler
1214,Priyanka Chopra
1215,Michael Kenneth Williams
1216,Chris Hemsworth
1217,Christian Bale
1218,Michael Keaton
1219,Brendan Gleeson
1220,Parambrata Chattopadhyay
1221,Farhan Akhtar
1222,Jake Gyllenhaal
1223,Charlize Theron
1224,Naseeruddin Shah
1225,Bee Vang
1226,Emma Watson
1227,Ryôko Hirosue
1228,Joan Allen
1229,Philip Seymour Hoffman
1230,Jay Baruchel
1231,Vince Vaughn
1232,Tommy Lee Jones
1233,Arshad Warsi
1234,Clint Eastwood
1235,Sophie Okonedo
1236,Won Bin
1237,Julie Delpy
1238,Arshad Warsi
1239,Kim Sang-kyung
1240,Saif Ali Khan
1241,David Carradine
1242,Albert Brooks
1243,Tom Hanks
1244,Gael García Bernal
1245,Lee Unkrich
1246,Megumi Ogata
1247,Raghuvir Yadav
1248,Haley Joel Osment
1249,Pruitt Taylor Vince
1250,Ed Harris
1251,Srdjan 'Zika' Todorovic
1252,Jeff Bridges
1253,Maggie Cheung
1254,Ewen Bremner
1255,William H. Macy
1256,Lazar Ristovski
1257,Hubert Koundé
1258,Kajol
1259,Julie Delpy
1260,Jean-Louis Trintignant
1261,Takeshi Kaneshiro
1262,Laura Dern
1263,Pete Postlethwaite
1264,Fengyi Zhang
1265,Jingwu Ma
1266,Robert Sean Leonard
1267,River Phoenix
1268,Tom Berenger
1269,Nastassja Kinski
1270,Mahito Tsujimura
1271,Wilford Brimley
1272,Christine Hargreaves
1273,Claudia Cardinale
1274,Pernilla Allwin
1275,Rutger Hauer
1276,John Hurt
1277,John Cleese
1278,Christopher Walken
1279,Talia Shire
1280,William Holden
1281,Marisa Berenson
1282,Filipp Yankovskiy
1283,Faye Dunaway
1284,Tatum O'Neal
1285,Liv Ullmann
1286,Donatas Banionis
1287,François Périer
1288,George Kennedy
1289,Liv Ullmann
1290,Ivan Lapikov
1291,Jean Martin
1292,Jacqueline Andere
1293,Joan Crawford
1294,Tatsuya Nakadai
1295,John Wayne
1296,Nikolay Burlyaev
1297,Birgitta Valberg
1298,Fredric March
1299,Albert Rémy
1300,Jack Hawkins
1301,Misa Uehara
1302,François Périer
1303,Minoru Chiaki
1304,Alec Guinness
1305,Karl Malden
1306,Charles Vanel
1307,Jan Sterling
1308,Virginia Mayo
1309,Joseph Cotten
1310,Anton Walbrook
1311,James Stewart
1312,Joan Fontaine
1313,Jean Arthur
1314,Sam Wood
1315,Dita Parlo
1316,Claudette Colbert
1317,Eugene Silvain
1318,Merna Kennedy
1319,Janet Gaynor
1320,Buster Keaton
1321,Conrad Veidt
1322,Neena Gupta
1323,Julianne Nicholson
1324,Nimrat Kaur
1325,Harshaali Malhotra
1326,Danny Denzongpa
1327,Emma Stone
1328,Nicole Kidman
1329,Jessica Chastain
1330,Jared Bush
1331,Rana Daggubati
1332,James Caan
1333,Owen Wilson
1334,Nakul Roshan Sahdev
1335,Anupam Kher
1336,Frantz Turner
1337,Yayan Ruhian
1338,Keira Knightley
1339,Vin Diesel
1340,Ryan Gosling
1341,Amy Adams
1342,Lucy Boynton
1343,Tom Hardy
1344,Emma Watson
1345,Irandhir Santos
1346,Geoffrey Rush
1347,Viola Davis
1348,Morena Baccarin
1349,Shahab Hosseini
1350,Mahie Gill
1351,Simon Yam
1352,Kajol
1353,Mete Horozoglu
1354,Dev Patel
1355,Mila Kunis
1356,André Ramiro
1357,Chris Evans
1358,Chiara Mastroianni
1359,Jennifer Garner
1360,Thandie Newton
1361,Djimon Hounsou
1362,Edgar Ramírez
1363,Hee Jae
1364,Robert Rodriguez
1365,
1366,Özge Özberk
1367,Brad Garrett
1368,Eva Green
1369,David Carradine
1370,Ivan Dobronravov
1371,Yeong-su Oh
1372,Belén Rueda
1373,Renée Zellweger
1374,Shah Rukh Khan
1375,Andy Lau
1376,Geoffrey Rush
1377,Albert Finney
1378,Samuel L. Jackson
1379,Jun Ji-Hyun
1380,Paul Bettany
1381,Yilmaz Erdogan
1382,Jena Malone
1383,Jason Robards
1384,Catherine Deneuve
1385,Sissy Spacek
1386,Rica Matsumoto
1387,Henning Moritzen
1388,Vinícius de Oliveira
1389,Harry Connick Jr.
1390,Jan Josef Liefers
1391,Dwight Yoakam
1392,Brenda Blethyn
1393,Madeleine Stowe
1394,Iemasa Kayumi
1395,Chris Sarandon
1396,Andie MacDowell
1397,Jesse Borrego
1398,Chris O'Donnell
1399,Scott Weinger
1400,Gary Oldman
1401,Paige O'Hara
1402,Mary McDonnell
1403,Ossie Davis
1404,
1405,Nozomu Sasaki
1406,Mandy Patinkin
1407,Solveig Dommartin
1408,Raphael Fejtö
1409,Keiko Yokozawa
1410,Linda Hamilton
1411,John Gielgud
1412,Tsutomu Yamazaki
1413,Shirley MacLaine
1414,Diane Keaton
1415,Robert Shaw
1416,John Cazale
1417,Madeline Kahn
1418,Dustin Hoffman
1419,Max von Sydow
1420,Michael Caine
1421,Jeff Bridges
1422,Norma Crane
1423,Stefania Sandrelli
1424,Robert Redford
1425,John Cassavetes
1426,Roddy McDowall
1427,Anne Bancroft
1428,Richard Burton
1429,Christopher Plummer
1430,Julie Christie
1431,Gian Maria Volontè
1432,Anouk Aimée
1433,Sady Rebbot
1434,Jackie Gleason
1435,Anita Ekberg
1436,Dean Martin
1437,Lee Remick
1438,Orson Welles
1439,Paul Newman
1440,Tony Curtis
1441,Coleen Gray
1442,Shelley Winters
1443,Giulietta Masina
1444,Véra Clouzot
1445,Don Taylor
1446,Audrey Hepburn
1447,Marlon Brando
1448,Gloria Grahame
1449,Alec Guinness
1450,John Dall
1451,Jane Greer
1452,Trevor Howard
1453,Dana Andrews
1454,Dana Andrews
1455,Priscilla Lane
1456,Mary Astor
1457,Jane Darwell
1458,Mervyn LeRoy
1459,Nora Gregor
1460,Myrna Loy
1461,Louis Wolheim
1462,Vladimir Barskiy
1463,Chris Evans
1464,Sanjana Sanghi
1465,Sakura Andô
1466,Scarlett Johansson
1467,Timothée Chalamet
1468,Dave Johns
1469,Koyu Rankin
1470,Julian Dennison
1471,George MacKay
1472,Aidan Gillen
1473,Tom Hiddleston
1474,Rene Russo
1475,Thomasin McKenzie
1476,Jeremy Renner
1477,John Boyega
1478,Julie Delpy
1479,Ian McKellen
1480,Yilmaz Erdogan
1481,Bérénice Bejo
1482,Emily Blunt
1483,Emmanuelle Riva
1484,Al Pacino
1485,Niels Arestrup
1486,Kevin Spacey
1487,Lina Leandersson
1488,David James
1489,Marisa Tomei
1490,Kareena Kapoor
1491,Patricia Arquette
1492,Laura Vasiliu
1493,Zachary Quinto
1494,Brendan Gleeson
1495,Tony Todd
1496,Kazunari Ninomiya
1497,Catinca Untaru
1498,Irrfan Khan
1499,Meryl Streep
1500,Marc-André Grondin
1501,François Berléand
1502,Gwyneth Paltrow
1503,Nick Frost
1504,Sibel Kekilli
1505,Tim Robbins
1506,Emma Watson
1507,Tony Chiu-Wai Leung
1508,Javier Cámara
1509,Rene Bitorajac
1510,Hiroyuki Okiura
1511,Matt Damon
1512,Gastón Pauls
1513,Clive Owen
1514,Patrick Fugit
1515,Laura Harring
1516,Lee Unkrich
1517,Julianne Moore
1518,Issey Takahashi
1519,Temuera Morrison
1520,Patricia Arquette
1521,Zbigniew Zamachowski
1522,Emi Shinohara
1523,Sean Penn
1524,Winona Ryder
1525,Brenda Fricker
1526,Woody Allen
1527,Sean Connery
1528,Dianne Wiest
1529,Kim Greist
1530,Michael McKean
1531,Melinda Dillon
1532,Dan Aykroyd
1533,Diane Keaton
1534,Jessica Lange
1535,Ken Foree
1536,Robert Redford
1537,Horacio Salinas
1538,Bruno Zanin
1539,Delphine Seyrig
1540,Ruy Guerra
1541,Bud Cort
1542,Karl Malden
1543,Ernest Borgnine
1544,Judith O'Dea
1545,Katharine Hepburn
1546,Rod Steiger
1547,Audrey Hepburn
1548,Laurence Harvey
1549,Laurence Olivier
1550,Monica Vitti
1551,Eiji Okada
1552,Yul Brynner
1553,Jeffrey Hunter
1554,Raymond Massey
1555,Grace Kelly
1556,Robert Walker
1557,Wallace Ford
1558,Maureen O'Hara
1559,Ingrid Bergman
1560,Lauren Bacall
1561,Jane Wyman
1562,Katharine Hepburn
1563,Rosalind Russell
1564,Errol Flynn
1565,Groucho Marx
1566,Fay Wray
1567,Leila Hyams
1568,Alexander Granach
1569,Charlie Hunnam
1570,Vicky Kaushal
1571,Olivia Cooke
1572,Taraneh Alidoosti
1573,Barry Keoghan
1574,Anna Foglietta
1575,Octavia Spencer
1576,Hugh Grant
1577,Alia Bhatt
1578,Art Parkinson
1579,Kiara Advani
1580,Michelle Williams
1581,Louis Hofmann
1582,Diego Luna
1583,Chris Evans
1584,Kurt Russell
1585,Emma Watson
1586,Douglas Booth
1587,Imelda Staunton
1588,Tahar Rahim
1589,Carlo Verdone
1590,Nimrat Kaur
1591,Yami Gautam
1592,Ryan Potter
1593,Rachel McAdams
1594,Adil Hussain
1595,Hidetoshi Nishijima
1596,Tim Allen
1597,Jim Sturgess
1598,Kara Hayward
1599,Cate Blanchett
1600,Steve Carell
1601,Yoshino Kimura
1602,Choi Min-sik
1603,Rooney Mara
1604,Barkhad Abdi
1605,Sae-ron Kim
1606,Corey Hawkins
1607,Won Bin
1608,Jung-woo Ha
1609,Martin Freeman
1610,Ernst Jacobi
1611,Noomi Rapace
1612,Alex Sharp
1613,Thomas Bo Larsen
1614,Christian Bale
1615,Maggie Grace
1616,David Thewlis
1617,Markéta Irglová
1618,Ian McKellen
1619,Nurgül Yesilçay
1620,James McAvoy
1621,Carey Mulligan
1622,Russell Crowe
1623,Zoe Saldana
1624,Sarah Polley
1625,Raoul Max Trujillo
1626,Steve Carell
1627,Nick Frost
1628,Cate Blanchett
1629,Preity Zinta
1630,Mads Mikkelsen
1631,Matthew Macfadyen
1632,Diane Ladd
1633,Tôru Emori
1634,Gina Torres
1635,Reese Witherspoon
1636,Henrik Lundström
1637,James Garner
1638,Rodrigo De la Serna
1639,Artyom Bogucharskiy
1640,Jean-Claude Donda
1641,Lee Byung-Hun
1642,Guy Pearce
1643,Trevor Jack Brooks
1644,Will Patton
1645,Michelle Yeoh
1646,Marisa Paredes
1647,Helen Hunt
1648,Sean Patrick Flanery
1649,Al Pacino
1650,Chris Cooper
1651,Mike Myers
1652,Kate Winslet
1653,Kayoko Kishimoto
1654,Uma Thurman
1655,Deborah Kara Unger
1656,
1657,Martin Landau
1658,Leonardo DiCaprio
1659,Kurt Russell
1660,Mike Vitar
1661,Emma Thompson
1662,Lesley Sharp
1663,Tommy Lee Jones
1664,Chazz Palminteri
1665,Frank Paur
1666,Tony Chiu-Wai Leung
1667,Gena Rowlands
1668,
1669,Laurence Fishburne
1670,Kathy Bates
1671,Robin Williams
1672,Minami Takayama
1673,Denzel Washington
1674,Danny Lee
1675,Christopher Lloyd
1676,Willem Dafoe
1677,Carl Weathers
1678,Sarah Berry
1679,Alan Ruck
1680,John Lurie
1681,Josh Brolin
1682,Whoopi Goldberg
1683,Judd Nelson
1684,Haing S. Ngor
1685,Dan Aykroyd
1686,Scott Glenn
1687,Jerry Lewis
1688,Drew Barrymore
1689,Meryl Streep
1690,Brooke Adams
1691,Sondra Locke
1692,Michael Caine
1693,John Cazale
1694,Jennifer Drake
1695,Terence Alexander
1696,Sissy Spacek
1697,Michael York
1698,Jack Albertson
1699,Jon Voight
1700,Alan Arkin
1701,Sidney Poitier
1702,Faye Dunaway
1703,Rex Harrison
1704,Dick Van Dyke
1705,Gerd Oswald
1706,Oskar Werner
1707,Peter Wyngarde
1708,Jean Seberg
1709,John Wayne
1710,Edward G. Robinson
1711,Lauren Bacall
1712,Joseph Cotten
1713,Claire Trevor
1714,Michael Redgrave
1715,Cary Grant
1716,Elsa Lanchester
1717,Harpo Marx
1718,Paul Muni
1719,Mae Clarke
1720,Marina de Tavira
1721,Alec Secareanu
1722,Josh Brolin
1723,Jeremy Renner
1724,Allison Williams
1725,Henry Cavill
1726,Bahar Pars
1727,Jemaine Clement
1728,Sara Takatsuki
1729,Felicity Jones
1730,Taron Egerton
1731,Ansel Elgort
1732,RJ Cyler
1733,Zach Galifianakis
1734,Adèle Exarchopoulos
1735,Sushant Singh Rajput
1736,Johan Heldenbergh
1737,Chris Evans
1738,Nargis Fakhri
1739,Will Forte
1740,Jack McBrayer
1741,Mackenzie Foy
1742,Christina Hendricks
1743,Rachel McAdams
1744,Chris Pratt
1745,George Clooney
1746,Zachary Quinto
1747,Emmanuel Affadzi
1748,Andrew Garfield
1749,Michael Fassbender
1750,Bradley Cooper
1751,Javier Bardem
1752,Jennifer Lawrence
1753,Bryan Cranston
1754,Joseph Gordon-Levitt
1755,Emma Watson
1756,Matt Damon
1757,Michael Sheen
1758,Tôru Emori
1759,Colm Feore
1760,Callan McAuliffe
1761,Takuya Ishida
1762,Ken'ichi Matsuyama
1763,Stephen Graham
1764,Domhnall Gleeson
1765,Sidse Babett Knudsen
1766,Forest Whitaker
1767,Robert Downey Jr.
1768,Ben Kingsley
1769,Benno Fürmann
1770,Samantha Morton
1771,Mandy Moore
1772,Sebastian Koch
1773,Heath Ledger
1774,Christian Bale
1775,Sandra Bullock
1776,Wah Yuen
1777,Franka Potente
1778,Jennifer Jason Leigh
1779,Regina King
1780,Scarlett Johansson
1781,Emma Watson
1782,Christopher Walken
1783,Teri Hatcher
1784,Ken Watanabe
1785,Dorothy Duffy
1786,Katrin Saß
1787,Samantha Morton
1788,Michelle Pfeiffer
1789,Meryl Streep
1790,Ewan McGregor
1791,Tyler Hoechlin
1792,Christian Berkel
1793,Julie Walters
1794,Miriam Shor
1795,Brad Pitt
1796,John Rafter Lee
1797,George Clooney
1798,Gary Oldman
1799,Matt Stone
1800,Jennifer Aniston
1801,Jon Lovitz
1802,Ethan Hawke
1803,Bill Murray
1804,Penélope Cruz
1805,Cameron Diaz
1806,Helen Hunt
1807,Milla Jovovich
1808,Jacques Villeret
1809,Johnny Depp
1810,Armin Mueller-Stahl
1811,Laura Linney
1812,Julie Christie
1813,Eleanor Bron
1814,Michelle Reis
1815,Massimo Troisi
1816,Jeff Anderson
1817,Julianne Moore
1818,Denzel Washington
1819,Kermit the Frog
1820,Angela Bassett
1821,Madeleine Stowe
1822,Tokiko Katô
1823,Jack Lemmon
1824,Jack Nicholson
1825,Jessica Tandy
1826,John Turturro
1827,Gabriel Byrne
1828,Christopher Lloyd
1829,Gene Bervoets
1830,Paul McGann
1831,Joan Chen
1832,John Malkovich
1833,Christian Slater
1834,Kyle MacLachlan
1835,Jeff Daniels
1836,Rosanna Arquette
1837,Mia Farrow
1838,Charlotte Rampling
1839,Leonard Nimoy
1840,Brian Dennehy
1841,Mary Tyler Moore
1842,Jerry Zucker
1843,Eiko Masuyama
1844,Jamie Lee Curtis
1845,Isabelle Adjani
1846,Diane Keaton
1847,Robert Shaw
1848,Gene Wilder
1849,John Randolph
1850,John Saxon
1851,Burt Reynolds
1852,Roy Scheider
1853,Andrew Robinson
1854,Clint Eastwood
1855,Walter Matthau
1856,Ernest Borgnine
1857,Jean Sorel
1858,Wendy Hiller
1859,Ian Hendry
1860,Jack Hawkins
1861,Gert Fröbe
1862,Tippi Hedren
1863,Robert Mitchum
1864,Anna Massey
1865,Steve McQueen
1866,Alida Valli
1867,Dana Wynter
1868,Natalie Wood
1869,Peter Sellers
1870,Audrey Hepburn
1871,Maureen O'Hara
1872,Patricia Neal
1873,Katharine Hepburn
1874,Glenn Ford
1875,Ford Beebe Jr.
1876,Gloria Stuart
1877,Anne Hathaway
1878,Debra Messing
1879,Brad Pitt
1880,Aleksey Rozin
1881,Bria Vinaite
1882,Jamie Foxx
1883,Mckenna Grace
1884,Zack Gottsagen
1885,Frederick Lau
1886,Doga Zeynep Doguslu
1887,Zoe Saldana
1888,Jon Bernthal
1889,Miles Teller
1890,Mark Rylance
1891,Holly Hunter
1892,Don Hall
1893,Josh Brolin
1894,Sylvester Stallone
1895,Elena Lyadova
1896,Ben Foster
1897,Steve Coogan
1898,Keri Russell
1899,Hugo Silva
1900,Ananda George
1901,Michael Peña
1902,Mirai Shida
1903,Bradley Cooper
1904,Jeff Bridges
1905,Trine Dyrholm
1906,Steve Carell
1907,Seth Rogen
1908,Nicolas Cage
1909,Alberto Ammann
1910,Robin Wright
1911,Elena Anaya
1912,Emma Stone
1913,Frederick Lau
1914,Jude Law
1915,Sandra Bullock
1916,Haaz Sleiman
1917,Rosario Dawson
1918,Viggo Mortensen
1919,Claire Danes
1920,Evan McGuire
1921,Clive Owen
1922,Ed Harris
1923,Sylvie Testud
1924,Li Sun
1925,Jessica Biel
1926,Gary Stretch
1927,Emma Watson
1928,Lena Headey
1929,Jonathan Rhys Meyers
1930,Patrick Wilson
1931,Ethan Hawke
1932,Leigh Whannell
1933,Samantha Morton
1934,Joseph Gordon-Levitt
1935,Marion Cotillard
1936,Gaspard Ulliel
1937,Patricia Clarkson
1938,Benicio Del Toro
1939,Shin Ha-kyun
1940,Kate Winslet
1941,Barry Pepper
1942,Ashton Kutcher
1943,Naomie Harris
1944,Aki Maeda
1945,Gwyneth Paltrow
1946,Gael García Bernal
1947,Rupert Grint
1948,Christopher Eccleston
1949,Penélope Cruz
1950,Ed Harris
1951,Colin Farrell
1952,Vicellous Shannon
1953,Justin Theroux
1954,Moritz Bleibtreu
1955,Sean Penn
1956,Ming-Na Wen
1957,Benicio Del Toro
1958,Ulrich Mühe
1959,Kiefer Sutherland
1960,Kevin Bacon
1961,Patricia Arquette
1962,Kate Winslet
1963,Jeremy Irons
1964,Gary Farmer
1965,Meryl Streep
1966,Bill Paxton
1967,Julie Delpy
1968,Robert Duvall
1969,Wiley Wiggins
1970,Marisa Tomei
1971,Toshirô Yanagiba
1972,Marie-Laure Dougnac
1973,Joe Pesci
1974,Diane Keaton
1975,Meg Ryan
1976,Jodi Benson
1977,Priscilla Presley
1978,John Candy
1979,Danny Glover
1980,John Getz
1981,Henry Fonda
1982,Bruce Spence
1983,James Remar
1984,Frank Oz
1985,Patrick McGoohan
1986,John Hurt
1987,Irene Miracle
1988,François Truffaut
1989,Nina van Pallandt
1990,James Coburn
1991,Telly Savalas
1992,Sebastian Cabot
1993,Vanessa Redgrave
1994,Paul McCartney
1995,George Peppard
1996,Rock Hudson
1997,Montgomery Clift
1998,John Hodiak
1999,Madeleine Carroll
2000,Bob Gunton
2001,James Caan
2002,Aaron Eckhart
2003,Robert Duvall
2004,Martin Balsam
2005,Ian McKellen
2006,Samuel L. Jackson
2007,Ben Kingsley
2008,Elliot Page
2009,Meat Loaf
2010,Orlando Bloom
2011,Gary Sinise
2012,Lee Van Cleef
2013,Viggo Mortensen
2014,Laurence Fishburne
2015,Joe Pesci
2016,Carrie Fisher
2017,Michael Berryman
2018,Leslie Odom Jr.
2019,Cho Yeo-jeong
2020,Paresh Rawal
2021,Jessica Chastain
2022,Leandro Firmino
2023,Miyu Irino
2024,Tom Sizemore
2025,David Morse
2026,Giorgio Cantarini
2027,Kevin Spacey
2028,Lawrence A. Bonney
2029,Carrie Fisher
2030,Shima Iwashita
2031,Keiko Tsushima
2032,Lionel Barrymore
2033,Zazie Beetz
2034,Melissa Benoist
2035,Omar Sy
2036,Scarlett Johansson
2037,Jack Nicholson
2038,Frank Finlay
2039,Connie Nielsen
2040,Beverly D'Angelo
2041,Chazz Palminteri
2042,Natalie Portman
2043,Jeremy Irons
2044,Edward Furlong
2045,Antonella Attili
2046,Akemi Yamaguchi
2047,Lea Thompson
2048,Claudia Cardinale
2049,Vera Miles
2050,Paul Henreid
2051,Henry Bergman
2052,Florence Lee
2053,Boluwatife Treasure Bankole
2054,Ismail Hacioglu
2055,Vijay Sethupathi
2056,Ryô Narita
2057,Fatima Sana Shaikh
2058,Shameik Moore
2059,Chris Evans
2060,Chris Hemsworth
2061,Gael García Bernal
2062,Leonardo DiCaprio
2063,Anne Hathaway
2064,Mona Singh
2065,Aamir Khan
2066,Jeff Garlin
2067,Sebastian Koch
2068,Kang Hye-jeong
2069,Joe Pantoliano
2070,Yûko Tanaka
2071,Elizabeth McGovern
2072,Paul Freeman
2073,Danny Lloyd
2074,Robert Duvall
2075,John Hurt
2076,Sumita Sanyal
2077,Tatsuya Nakadai
2078,Sterling Hayden
2079,Charles Laughton
2080,Adolphe Menjou
2081,Wendell Corey
2082,Erich von Stroheim
2083,Jack Oakie
2084,Daniel Mays
2085,Sohum Shah
2086,Radhika Apte
2087,Asha Sharath
2088,Annika Wedderkopp
2089,Sareh Bayat
2090,Maxim Gaudette
2091,Deniz Baysal
2092,Hümeyra
2093,Eli Roth
2094,Tom Wilkinson
2095,Rufus
2096,Benicio Del Toro
2097,Jennifer Connelly
2098,Thora Birch
2099,Ben Affleck
2100,Bahare Seddiqi
2101,Don Rickles
2102,Patrick McGoohan
2103,Michael Madsen
2104,Vincent D'Onofrio
2105,Liubomiras Laucevicius
2106,Carrie Henn
2107,Elizabeth Berridge
2108,Steven Bauer
2109,Carrie Fisher
2110,
2111,Cybill Shepherd
2112,Robert Shaw
2113,Michael Bates
2114,William Sylvester
2115,Gian Maria Volontè
2116,Anthony Quinn
2117,Fred MacMurray
2118,James Mason
2119,Barbara Bel Geddes
2120,Donald O'Connor
2121,Shin'ichi Himori
2122,Lianella Carell
2123,Edward G. Robinson
2124,
2125,Inge Landgut
2126,Gustav Fröhlich
2127,Jackie Coogan
2128,Varun Sharma
2129,Mohit Raina
2130,Ramachandra Raju
2131,Linda Cardellini
2132,Sam Rockwell
2133,Neeraj Kabi
2134,Anushka Shetty
2135,J.K. Simmons
2136,Tabu
2137,Lisa Haydon
2138,Giorgi Nakashidze
2139,Pawan Malhotra
2140,Nawazuddin Siddiqui
2141,Manjot Singh
2142,Rajesh Abhay
2143,Pablo Rago
2144,Joel Edgerton
2145,Mark Ruffalo
2146,Jordan Nagai
2147,Margot Robbie
2148,Sagarika Ghatge
2149,Ciarán Hinds
2150,Sergi López
2151,Joan Cusack
2152,Rupert Graves
2153,Siddharth
2154,Shernaz Patel
2155,Ken Watanabe
2156,Kishori Ballal
2157,Ulrich Matthes
2158,Tatsuya Gashûin
2159,Jennifer Connelly
2160,Paresh Rawal
2161,Nick Moran
2162,Guy Pearce
2163,Sermin Hürmeriç
2164,Val Kilmer
2165,Joe Pesci
2166,Raveena Tandon
2167,Morgan Freeman
2168,Alison Doody
2169,Ljubica Adzovic
2170,Chika Sakamoto
2171,Bonnie Bedelia
2172,Jinpachi Nezu
2173,Joe Pesci
2174,Anatoliy Solonitsyn
2175,Lena Nyman
2176,Michael Ansara
2177,Amitabh Bachchan
2178,John Cleese
2179,Richard Attenborough
2180,Frank Overton
2181,Tatsuya Nakadai
2182,Richard Widmark
2183,Jack Lemmon
2184,Ingrid Thulin
2185,Bengt Ekerot
2186,Robert Manuel
2187,Robert Cummings
2188,Sô Yamamura
2189,Masayuki Mori
2190,George Sanders
2191,Tim Holt
2192,Robert Stack
2193,Tom Murray
2194,Joe Keaton
2195,Luàna Bajrami
2196,Kirti Kulhari
2197,Aoi Yûki
2198,Jose Coronado
2199,Cho Jin-woong
2200,Suzanne Clément
2201,Shraddha Kapoor
2202,Dafne Keen
2203,Sean Bridgers
2204,Mónica Villa
2205,Tina Fey
2206,Demet Akbag
2207,Sanjay Dutt
2208,Mithun Chakraborty
2209,Mathieu Amalric
2210,Neil Patrick Harris
2211,Haru Kuroki
2212,Luke Bracey
2213,Bill Hader
2214,Ileana D'Cruz
2215,Michael Fassbender
2216,Olivia Wilde
2217,Jon Bernthal
2218,Rachel McAdams
2219,Lisa Hannigan
2220,Indraneil Sengupta
2221,Abhay Deol
2222,Viola Davis
2223,Nicholas Hoult
2224,Jimmy Sheirgill
2225,Christopher Carley
2226,Rupert Grint
2227,Tsutomu Yamazaki
2228,Cary-Hiroyuki Tagawa
2229,Eric Bana
2230,Gerard Butler
2231,Catherine Keener
2232,Javier Bardem
2233,Vidya Balan
2234,Morgan Freeman
2235,Joaquin Phoenix
2236,Eun-ju Lee
2237,Vernon Dobtcheff
2238,Gracy Singh
2239,Roe-ha Kim
2240,Akshaye Khanna
2241,Daryl Hannah
2242,Ellen DeGeneres
2243,Christopher Walken
2244,Goya Toledo
2245,Billy Crystal
2246,Megumi Hayashibara
2247,Gracy Singh
2248,Toni Collette
2249,Mélanie Thierry
2250,Laura Linney
2251,Branka Katic
2252,John Goodman
2253,Ping Lam Siu
2254,Jonny Lee Miller
2255,Frances McDormand
2256,Mirjana Jokovic
2257,Saïd Taghmaoui
2258,Amrish Puri
2259,Andrea Eckert
2260,Frédérique Feder
2261,Tony Chiu-Wai Leung
2262,Jeff Goldblum
2263,Alison Crosbie
2264,Gong Li
2265,Saifei He
2266,Ethan Hawke
2267,Corey Feldman
2268,Willem Dafoe
2269,Dean Stockwell
2270,Hisako Kyôda
2271,Keith David
2272,James Laurenson
2273,José Lewgoy
2274,Kristina Adolphson
2275,Sean Young
2276,Anne Bancroft
2277,Michael Palin
2278,John Cazale
2279,Burt Young
2280,Peter Finch
2281,Patrick Magee
2282,Ignat Daniltsev
2283,John Huston
2284,Madeline Kahn
2285,Kari Sylwan
2286,Jüri Järvet
2287,Nathalie Delon
2288,Strother Martin
2289,Margaretha Krook
2290,Nikolay Grinko
2291,Yacef Saadi
2292,Enrique Rambal
2293,Victor Buono
2294,Keiju Kobayashi
2295,Vera Miles
2296,Valentin Zubkov
2297,Gunnel Lindblom
2298,Gene Kelly
2299,Claire Maurier
2300,Stephen Boyd
2301,Minoru Chiaki
2302,Franca Marzi
2303,Isuzu Yamada
2304,Jack Hawkins
2305,Lee J. Cobb
2306,Peter van Eyck
2307,Robert Arthur
2308,Edmond O'Brien
2309,Alida Valli
2310,Marius Goring
2311,Frank Morgan
2312,George Sanders
2313,Claude Rains
2314,Clark Gable
2315,Pierre Fresnay
2316,Walter Connolly
2317,André Berley
2318,Al Ernest Garcia
2319,Margaret Livingston
2320,Marion Mack
2321,Friedrich Feher
2322,Gajraj Rao
2323,Christopher Heyerdahl
2324,Kumud Mishra
2325,Nawazuddin Siddiqui
2326,Rana Daggubati
2327,Rosemarie DeWitt
2328,Rooney Mara
2329,Kristen Wiig
2330,Ginnifer Goodwin
2331,Ramya Krishnan
2332,Mary Steenburgen
2333,Izabela Vidovic
2334,Ranveer Singh
2335,Manoj Bajpayee
2336,John Gallagher Jr.
2337,Arifin Putra
2338,Matthew Goode
2339,Bradley Cooper
2340,Ana de Armas
2341,Scarlett Johansson
2342,Gwilym Lee
2343,Will Poulter
2344,Ezra Miller
2345,André Ramiro
2346,Helena Bonham Carter
2347,Octavia Spencer
2348,T.J. Miller
2349,Taraneh Alidoosti
2350,Kalki Koechlin
2351,Siu-Wong Fan
2352,Sheetal Menon
2353,Ilker Kizmaz
2354,Freida Pinto
2355,Vincent Cassel
2356,Caio Junqueira
2357,Scarlett Johansson
2358,Catherine Deneuve
2359,Jared Leto
2360,Jaden Smith
2361,Jennifer Connelly
2362,Joan Allen
2363,Hyuk-ho Kwon
2364,Mickey Rourke
2365,
2366,Ozan Güven
2367,Lou Romano
2368,Judi Dench
2369,Michael Madsen
2370,Konstantin Lavronenko
2371,Jong-ho Kim
2372,Lola Dueñas
2373,Craig Bierko
2374,Saif Ali Khan
2375,Tony Chiu-Wai Leung
2376,Orlando Bloom
2377,Billy Crudup
2378,Holly Hunter
2379,In-mun Kim
2380,Lauren Bacall
2381,Demet Akbag
2382,Mary McDonnell
2383,Julianne Moore
2384,David Morse
2385,Jane Galloway Heitz
2386,Shinpachi Tsuji
2387,Thomas Bo Larsen
2388,Marília Pêra
2389,Jennifer Aniston
2390,Thierry van Werveke
2391,J.T. Walsh
2392,Phyllis Logan
2393,Brad Pitt
2394,Akio Ôtsuka
2395,Catherine O'Hara
2396,Chris Elliott
2397,Benjamin Bratt
2398,James Rebhorn
2399,Robin Williams
2400,Jack Lemmon
2401,Robby Benson
2402,Graham Greene
2403,Ruby Dee
2404,
2405,Mami Koyama
2406,Robin Wright
2407,Otto Sander
2408,Francine Racette
2409,Kotoe Hatsui
2410,Michael Biehn
2411,Rohini Hattangadi
2412,Ken'ichi Hagiwara
2413,Melvyn Douglas
2414,Tony Roberts
2415,Richard Dreyfuss
2416,Penelope Allen
2417,Marty Feldman
2418,Victor Jory
2419,Linda Blair
2420,Alec Cawthorne
2421,Cybill Shepherd
2422,Leonard Frey
2423,Gastone Moschin
2424,Katharine Ross
2425,Ruth Gordon
2426,Kim Hunter
2427,Katharine Ross
2428,George Segal
2429,Eleanor Parker
2430,Geraldine Chaplin
2431,Marianne Koch
2432,Claudia Cardinale
2433,André S. Labarthe
2434,Piper Laurie
2435,Anouk Aimée
2436,Ricky Nelson
2437,Ben Gazzara
2438,Janet Leigh
2439,Burl Ives
2440,Susan Harrison
2441,Vince Edwards
2442,Lillian Gish
2443,Richard Basehart
2444,Paul Meurisse
2445,Otto Preminger
2446,Eddie Albert
2447,Kim Hunter
2448,Frank Lovejoy
2449,Valerie Hobson
2450,Farley Granger
2451,Kirk Douglas
2452,Stanley Holloway
2453,Clifton Webb
2454,Fredric March
2455,Raymond Massey
2456,Gladys George
2457,John Carradine
2458,Norman Taurog
2459,Paulette Dubost
2460,Maureen O'Sullivan
2461,John Wray
2462,Grigoriy Aleksandrov
2463,Ana de Armas
2464,Sahil Vaid
2465,Kirin Kiki
2466,Julia Greer
2467,Michael Stuhlbarg
2468,Hayley Squires
2469,Edward Norton
2470,Rima Te Wiata
2471,Samantha Isler
2472,Maria Doyle Kennedy
2473,Cate Blanchett
2474,Bill Paxton
2475,Scarlett Johansson
2476,Forest Whitaker
2477,Oscar Isaac
2478,Seamus Davey-Fitzpatrick
2479,Hugh Jackman
2480,Taner Birsel
2481,John Goodman
2482,Bill Paxton
2483,Isabelle Huppert
2484,Joe Pesci
2485,Adel Bencherif
2486,Dominique McElligott
2487,Per Ragnar
2488,Jason Cope
2489,Evan Rachel Wood
2490,Tarun Arora
2491,Ethan Hawke
2492,Vlad Ivanov
2493,Simon Pegg
2494,Ciarán Hinds
2495,John Billingsley
2496,Tsuyoshi Ihara
2497,Justine Waddell
2498,Adil Hussain
2499,Bill Murray
2500,Danielle Proulx
2501,Jean-Baptiste Maunier
2502,Terrence Howard
2503,Kate Ashfield
2504,Güven Kiraç
2505,Kevin Bacon
2506,Rupert Grint
2507,Maggie Cheung
2508,Darío Grandinetti
2509,Filip Sovagovic
2510,Yoshiyuki Takei
2511,Chris Cooper
2512,Graciela Tenenbaum
2513,Chiwetel Ejiofor
2514,Kate Hudson
2515,Justin Theroux
2516,Tom Hanks
2517,Burt Reynolds
2518,Takashi Tachibana
2519,Mamaengaroa Kerr-Bell
2520,Dennis Hopper
2521,Julie Delpy
2522,Takeshi Aono
2523,Penelope Ann Miller
2524,Dianne Wiest
2525,Alison Whelan
2526,Bill Bernstein
2527,Robert De Niro
2528,Michael Caine
2529,Robert De Niro
2530,Christopher Guest
2531,Darren McGavin
2532,Cab Calloway
2533,Mariel Hemingway
2534,Ann Reinking
2535,Scott H. Reiniger
2536,Jack Warden
2537,Zamira Saunders
2538,Pupella Maggio
2539,Paul Frankeur
2540,Helena Rojo
2541,Vivian Pickles
2542,Stephen Young
2543,Robert Ryan
2544,Karl Hardman
2545,Anthony Hopkins
2546,Warren Oates
2547,Walter Matthau
2548,Janet Leigh
2549,Jean Simmons
2550,Lea Massari
2551,Stella Dassas
2552,Anne Baxter
2553,Vera Miles
2554,Julie Harris
2555,Thomas Mitchell
2556,Ruth Roman
2557,William H. Lynn
2558,John Payne
2559,Claude Rains
2560,John Ridgely
2561,Phillip Terry
2562,James Stewart
2563,Ralph Bellamy
2564,Olivia de Havilland
2565,Chico Marx
2566,Robert Armstrong
2567,Olga Baclanova
2568,Gustav von Wangenheim
2569,Michelle Dockery
2570,Rajit Kapoor
2571,Paul Raci
2572,Babak Karimi
2573,Mark Rylance
2574,Marco Giallini
2575,Janelle Monáe
2576,Hugh Bonneville
2577,Kareena Kapoor
2578,Matthew McConaughey
2579,Anupam Kher
2580,Kyle Chandler
2581,Joel Basman
2582,Alan Tudyk
2583,Robert Downey Jr.
2584,Jennifer Jason Leigh
2585,Florence Pugh
2586,Jerome Flynn
2587,Dominic West
2588,Ali Mosaffa
2589,Sabrina Ferilli
2590,Nawazuddin Siddiqui
2591,Annu Kapoor
2592,Scott Adsit
2593,Bill Nighy
2594,Mehdi Nebbou
2595,Miori Takimoto
2596,Annie Potts
2597,Sylvia Hoeks
2598,Bruce Willis
2599,Gerard Butler
2600,Ryan Gosling
2601,Masaki Okada
2602,Jeon Gook-Hwan
2603,Christopher Plummer
2604,Barkhad Abdirahman
2605,Tae-hoon Kim
2606,Jason Mitchell
2607,Jin Goo
2608,Yeong-hie Seo
2609,Richard Armitage
2610,Leonie Benesch
2611,Ewa Fröling
2612,Sacha Baron Cohen
2613,Magnus Millang
2614,Amy Adams
2615,Famke Janssen
2616,Rupert Friend
2617,Hugh Walsh
2618,Richard Armitage
2619,Tuncel Kurtiz
2620,Brenda Blethyn
2621,Bryan Cranston
2622,Chiwetel Ejiofor
2623,Sigourney Weaver
2624,Diane Kruger
2625,Dalia Hernández
2626,Toni Collette
2627,Martin Freeman
2628,Tilda Swinton
2629,Rani Mukerji
2630,Nicolas Bro
2631,Brenda Blethyn
2632,Iain Rea
2633,Yoshiaki Umegaki
2634,Chiwetel Ejiofor
2635,Ginnifer Goodwin
2636,Gustaf Skarsgård
2637,Rachel McAdams
2638,Mía Maestro
2639,Pavel Ponomaryov
2640,Michel Robin
2641,Kang-ho Song
2642,Christopher Adamson
2643,Lorelei Linklater
2644,Wood Harris
2645,Ziyi Zhang
2646,Candela Peña
2647,Paul Sanchez
2648,Norman Reedus
2649,Christopher Plummer
2650,Laura Dern
2651,Eddie Murphy
2652,Billy Zane
2653,Ren Osugi
2654,Jude Law
2655,Sean Penn
2656,
2657,Sarah Jessica Parker
2658,Juliette Lewis
2659,Val Kilmer
2660,Art LaFleur
2661,John Haycraft
2662,Katrin Cartlidge
2663,Sela Ward
2664,Lillo Brancato
2665,Dan Riba
2666,Teresa Mo
2667,Lisanne Falk
2668,
2669,Hudhail Al-Amir
2670,Richard Farnsworth
2671,Julie Kavner
2672,Rei Sakuma
2673,Cary Elwes
2674,Sally Yeh
2675,Lea Thompson
2676,Frances McDormand
2677,Kevin Peter Hall
2678,Dan Hicks
2679,Mia Sara
2680,Roberto Benigni
2681,Jeff Cohen
2682,Oprah Winfrey
2683,Molly Ringwald
2684,John Malkovich
2685,Sigourney Weaver
2686,Ed Harris
2687,Diahnne Abbott
2688,Peter Coyote
2689,Jane Alexander
2690,Sam Shepard
2691,Chief Dan George
2692,Christopher Plummer
2693,Allen Garfield
2694,Eric Baugin
2695,Michel Auclair
2696,Warren Oates
2697,Helmut Griem
2698,Peter Ostrum
2699,Sylvia Miles
2700,Richard Crenna
2701,Katharine Hepburn
2702,Michael J. Pollard
2703,Stanley Holloway
2704,David Tomlinson
2705,Bernhard Wicki
2706,Henri Serre
2707,Megs Jenkins
2708,Daniel Boulanger
2709,Montgomery Clift
2710,Lauren Bacall
2711,Walter Brennan
2712,Macdonald Carey
2713,Andy Devine
2714,Paul Lukas
2715,Charles Ruggles
2716,Colin Clive
2717,Chico Marx
2718,Ann Dvorak
2719,Boris Karloff
2720,Diego Cortina Autrey
2721,Gemma Jones
2722,Morena Baccarin
2723,Julia Jones
2724,Bradley Whitford
2725,Ving Rhames
2726,Filip Berg
2727,Taika Waititi
2728,Kasumi Arimura
2729,Tom Prior
2730,Samuel L. Jackson
2731,Nat Wolff
2732,Olivia Cooke
2733,Edward Norton
2734,Salim Kechiouche
2735,Rajkummar Rao
2736,Nell Cattrysse
2737,Samuel L. Jackson
2738,Shammi Kapoor
2739,June Squibb
2740,Jane Lynch
2741,Rachel McAdams
2742,Marcia Gay Harden
2743,Kathy Bates
2744,Will Ferrell
2745,Ed Harris
2746,Zoe Saldana
2747,Ricky Adelayitor
2748,Justin Timberlake
2749,Jennifer Lawrence
2750,Justin Bartha
2751,Naomie Harris
2752,Robert De Niro
2753,John Goodman
2754,Geoffrey Arend
2755,Rupert Grint
2756,Liam Neeson
2757,Kevin Bacon
2758,Katsunosuke Hori
2759,Amy Ryan
2760,Rebecca De Mornay
2761,Mitsutaka Itakura
2762,Asaka Seto
2763,Jo Hartley
2764,Oscar Isaac
2765,Rolf Lassgård
2766,Gillian Anderson
2767,Mark Ruffalo
2768,Morgan Freeman
2769,Guillaume Canet
2770,Craig Parkinson
2771,Zachary Levi
2772,Thom Hoffman
2773,Michelle Williams
2774,Ben Foster
2775,Thandie Newton
2776,Qiu Yuen
2777,Joan Allen
2778,Aitana Sánchez-Gijón
2779,Kerry Washington
2780,Giovanni Ribisi
2781,Rupert Grint
2782,Dakota Fanning
2783,John Hodgman
2784,Billy Connolly
2785,Nora-Jane Noone
2786,Chulpan Khamatova
2787,Djimon Hounsou
2788,Dakota Fanning
2789,Chris Cooper
2790,Tom Sizemore
2791,Rob Maxey
2792,Oliver Stokowski
2793,Jean Heywood
2794,Stephen Trask
2795,Julia Roberts
2796,Pamela Adlon
2797,John Turturro
2798,Kurt Russell
2799,Mary Kay Bergman
2800,David Herman
2801,Philip Seymour Hoffman
2802,Scott Glenn
2803,Olivia Williams
2804,Chete Lera
2805,Catherine Keener
2806,Greg Kinnear
2807,Gary Oldman
2808,Francis Huster
2809,Michael Madsen
2810,Justin Braine
2811,Edward Norton
2812,Derek Jacobi
2813,Liam Cunningham
2814,Takeshi Kaneshiro
2815,Philippe Noiret
2816,Marilyn Ghigliotti
2817,Tim Robbins
2818,Roberta Maxwell
2819,Dave Goelz
2820,Delroy Lindo
2821,Russell Means
2822,Bunshi Katsura Vi
2823,Alec Baldwin
2824,Demi Moore
2825,Mary Stuart Masterson
2826,John Goodman
2827,Albert Finney
2828,Joanna Cassidy
2829,Johanna ter Steege
2830,Richard Griffiths
2831,Peter O'Toole
2832,Miranda Richardson
2833,Helmut Qualtinger
2834,Dennis Hopper
2835,Danny Aiello
2836,Verna Bloom
2837,Patrick Horgan
2838,Jack Warden
2839,DeForest Kelley
2840,Richard Crenna
2841,Judd Hirsch
2842,Robert Hays
2843,Kiyoshi Kobayashi
2844,Tony Moran
2845,Melvyn Douglas
2846,Georges Adet
2847,Martin Balsam
2848,Slim Pickens
2849,Jack Kehoe
2850,Jim Kelly
2851,Ned Beatty
2852,Fernando Rey
2853,Harry Guardino
2854,Mary Ure
2855,John Fiedler
2856,Charles Bronson
2857,Michel Piccoli
2858,Robert Shaw
2859,John Fraser
2860,Ulla Jacobsson
2861,Honor Blackman
2862,Jessica Tandy
2863,Polly Bergen
2864,Moira Shearer
2865,Charles Bronson
2866,Juliette Mayniel
2867,Larry Gates
2868,Sal Mineo
2869,Cecil Parker
2870,William Holden
2871,Barry Fitzgerald
2872,Hugh Marlowe
2873,Robert Morley
2874,George Macready
2875,Norman Ferguson
2876,William Harrigan
2877,Tim Robbins
2878,Joseph Lee
2879,Margot Robbie
2880,Matvey Novikov
2881,Willem Dafoe
2882,Brie Larson
2883,Lindsay Duncan
2884,Ann Owens
2885,Franz Rogowski
2886,Tugba Sunguroglu
2887,Dave Bautista
2888,Jon Hamm
2889,Jeff Bridges
2890,Alan Alda
2891,Sarah Vowell
2892,Chris Williams
2893,Benicio Del Toro
2894,Tessa Thompson
2895,Roman Madyanov
2896,Jeff Bridges
2897,Sophie Kennedy Clark
2898,Andy Serkis
2899,Belén Rueda
2900,Ray Sahetapy
2901,Anna Kendrick
2902,Ryûnosuke Kamiki
2903,Sam Elliott
2904,Matt Damon
2905,Markus Rygaard
2906,Jason Segel
2907,Anna Kendrick
2908,Chloë Grace Moretz
2909,Antonio Resines
2910,Jonah Hill
2911,Jan Cornet
2912,Woody Harrelson
2913,Max Riemelt
2914,Rachel McAdams
2915,Tim McGraw
2916,Danai Gurira
2917,Woody Harrelson
2918,Armin Mueller-Stahl
2919,Sienna Miller
2920,Brendan Gleeson
2921,Jodie Foster
2922,Casey Affleck
2923,Pascal Greggory
2924,Yong Dong
2925,Paul Giamatti
2926,Toby Kebbell
2927,Rupert Grint
2928,David Wenham
2929,Emily Mortimer
2930,Carla Gugino
2931,Jared Leto
2932,Danny Glover
2933,Michelle Williams
2934,Elisabeth Shue
2935,Thibault Verhaeghe
2936,Jodie Foster
2937,Bobby Cannavale
2938,Naomi Watts
2939,Bae Doona
2940,Julie Christie
2941,Philip Seymour Hoffman
2942,Amy Smart
2943,Christopher Eccleston
2944,Tarô Yamamoto
2945,Anjelica Huston
2946,Daniel Giménez Cacho
2947,Richard Harris
2948,Fionnula Flanagan
2949,Franka Potente
2950,Joseph Fiennes
2951,Samantha Morton
2952,Deborah Kara Unger
2953,Josh Lucas
2954,Herbert Knaup
2955,Nick Nolte
2956,Eddie Murphy
2957,Tobey Maguire
2958,Arno Frisch
2959,Jennifer Connelly
2960,Brad Pitt
2961,John Roselius
2962,James Fleet
2963,Samuel L. Jackson
2964,Crispin Glover
2965,Annie Corley
2966,Kevin Bacon
2967,Janusz Gajos
2968,Barbara Hershey
2969,Matthew McConaughey
2970,Ralph Macchio
2971,Yoko Honna
2972,Dominique Pinon
2973,Daniel Stern
2974,Andy Garcia
2975,Carrie Fisher
2976,Samuel E. Wright
2977,O.J. Simpson
2978,Laila Robins
2979,Gary Busey
2980,Frances McDormand
2981,Jane Fonda
2982,Michael Preston
2983,Dorsey Wright
2984,Jerry Nelson
2985,Roberts Blossom
2986,Richard Briers
2987,Bo Hopkins
2988,Teri Garr
2989,Sterling Hayden
2990,Romolo Valli
2991,Don Rickles
2992,Louis Prima
2993,Sarah Miles
2994,George Harrison
2995,Patricia Neal
2996,James Dean
2997,Deborah Kerr
2998,Walter Slezak
2999,Lucie Mannheim
3000,William Sadler
3001,Diane Keaton
3002,Michael Caine
3003,Diane Keaton
3004,John Fiedler
3005,Orlando Bloom
3006,Bruce Willis
3007,Caroline Goodall
3008,Ken Watanabe
3009,Zach Grenier
3010,Sean Bean
3011,Sally Field
3012,Aldo Giuffrè
3013,Orlando Bloom
3014,Carrie-Anne Moss
3015,Lorraine Bracco
3016,Billy Dee Williams
3017,Peter Brocco
3018,Renée Elise Goldsberry
3019,Choi Woo-sik
3020,Aparna Balamurali
3021,Mackenzie Foy
3022,Matheus Nachtergaele
3023,Rumi Hiiragi
3024,Edward Burns
3025,Bonnie Hunt
3026,Giustino Durano
3027,Andrew Kevin Walker
3028,Kasi Lemmons
3029,Alec Guinness
3030,Tetsurô Tanba
3031,Yukiko Shimazaki
3032,Thomas Mitchell
3033,Frances Conroy
3034,Paul Reiser
3035,Anne Le Ny
3036,Michael Caine
3037,Mark Wahlberg
3038,Emilia Fox
3039,Oliver Reed
3040,Jennifer Lien
3041,Stephen Baldwin
3042,Danny Aiello
3043,James Earl Jones
3044,Robert Patrick
3045,Isa Danieli
3046,Yoshiko Shinohara
3047,Crispin Glover
3048,Jason Robards
3049,John Gavin
3050,Claude Rains
3051,Tiny Sandford
3052,Harry Myers
3053,Kawsar Al Haddad
3054,Kyung-jin Lee
3055,Shraddha Srinath
3056,Aoi Yûki
3057,Sanya Malhotra
3058,Jake Johnson
3059,Mark Ruffalo
3060,Mark Ruffalo
3061,Benjamin Bratt
3062,Kerry Washington
3063,Gary Oldman
3064,Sharman Joshi
3065,Tisca Chopra
3066,Fred Willard
3067,Ulrich Tukur
3068,Kim Byeong-Ok
3069,Mark Boone Junior
3070,Billy Crudup
3071,Treat Williams
3072,John Rhys-Davies
3073,Scatman Crothers
3074,Frederic Forrest
3075,Veronica Cartwright
3076,Ramesh Deo
3077,Kyôko Kagawa
3078,Keenan Wynn
3079,Elsa Lanchester
3080,George Macready
3081,Thelma Ritter
3082,Nancy Olson
3083,Reginald Gardiner
3084,Colin Firth
3085,Jyoti Malshe
3086,Anil Dhawan
3087,Ansiba
3088,Lasse Fogelstrøm
3089,Shahab Hosseini
3090,Mustafa Kamel
3091,Celile Toyon Uysal
3092,Ege Tanman
3093,Mélanie Laurent
3094,Gerry Robert Byrne
3095,Lorella Cravotta
3096,Dennis Farina
3097,Marlon Wayans
3098,Wes Bentley
3099,Stellan Skarsgård
3100,Nafise Jafar-Mohammadi
3101,Jim Varney
3102,Angus Macfadyen
3103,Chris Penn
3104,Adam Baldwin
3105,Vladas Bagdonas
3106,Paul Reiser
3107,Roy Dotrice
3108,Mary Elizabeth Mastrantonio
3109,Billy Dee Williams
3110,
3111,Albert Brooks
3112,Charles Durning
3113,Warren Clarke
3114,Daniel Richter
3115,Mara Krupp
3116,Jack Hawkins
3117,Ray Walston
3118,Jessie Royce Landis
3119,Tom Helmore
3120,Debbie Reynolds
3121,Haruo Tanaka
3122,Elena Altieri
3123,Byron Barr
3124,
3125,Otto Wernicke
3126,Rudolf Klein-Rogge
3127,Carl Miller
3128,Prateik
3129,Yami Gautam
3130,Archana Jois
3131,Sebastian Maniscalco
3132,Caleb Landry Jones
3133,Sohum Shah
3134,Tamannaah Bhatia
3135,Rashida Jones
3136,Rajat Kapoor
3137,Jeffrey Ho
3138,Misha Meskhi
3139,Art Malik
3140,Tigmanshu Dhulia
3141,Ram Kapoor
3142,Hemendra Dandotiya
3143,Carla Quevedo
3144,Jennifer Morrison
3145,Ben Kingsley
3146,John Ratzenberger
3147,Matthew McConaughey
3148,Shilpa Shukla
3149,Martin Stringer
3150,Maribel Verdú
3151,Ned Beatty
3152,Stephen Rea
3153,Sharman Joshi
3154,Ayesha Kapoor
3155,Liam Neeson
3156,Smit Sheth
3157,Juliane Köhler
3158,Akihiro Miwa
3159,Christopher Plummer
3160,Tabu
3161,Jason Statham
3162,Kim Basinger
3163,Yesim Salkim
3164,Jon Voight
3165,James Woods
3166,Karisma Kapoor
3167,Richard Harris
3168,Denholm Elliott
3169,Husnija Hasimovic
3170,Shigesato Itoi
3171,Reginald VelJohnson
3172,Daisuke Ryû
3173,Frank Vincent
3174,Nikolay Grinko
3175,Halvar Björk
3176,Johnny Sekka
3177,Amjad Khan
3178,Eric Idle
3179,Charles Bronson
3180,Rosemary Murphy
3181,Yôko Tsukasa
3182,Marlene Dietrich
3183,George Raft
3184,Gunnar Björnstrand
3185,Nils Poppe
3186,Janine Darcey
3187,John Williams
3188,Setsuko Hara
3189,Takashi Shimura
3190,Celeste Holm
3191,Bruce Bennett
3192,Felix Bressart
3193,Henry Bergman
3194,Erwin Connelly
3195,Valeria Golino
3196,Andrea Tariang
3197,Kenshô Ono
3198,Bárbara Lennie
3199,Moon So-Ri
3200,Patrick Huard
3201,Kay Kay Menon
3202,Boyd Holbrook
3203,Wendy Crewson
3204,Diego Starosta
3205,Graham Norton
3206,Ayberk Pekcan
3207,Boman Irani
3208,Mahesh Manjrekar
3209,Adrien Brody
3210,Tyler Perry
3211,Yukito Nishii
3212,Teresa Palmer
3213,Lewis Black
3214,Saurabh Shukla
3215,Brad Pitt
3216,Alexandra Maria Lara
3217,Caitriona Balfe
3218,Liev Schreiber
3219,Fionnula Flanagan
3220,Nawazuddin Siddiqui
3221,Katrina Kaif
3222,Melissa Leo
3223,Zoë Kravitz
3224,Aamir Bashir
3225,Ahney Her
3226,Michael Gambon
3227,Kazuko Yoshiyuki
3228,Sarah Roemer
3229,Barry Humphries
3230,Christopher Mintz-Plasse
3231,Marcia Gay Harden
3232,Josh Brolin
3233,Boman Irani
3234,Jay Baruchel
3235,Xolani Mali
3236,Hyeong-jin Kong
3237,Louise Lemoine Torrès
3238,Sunil Dutt
3239,Jae-ho Song
3240,Preity Zinta
3241,Michael Madsen
3242,Alexander Gould
3243,Martin Sheen
3244,Álvaro Guerrero
3245,John Goodman
3246,Yûko Miyamura
3247,Rachel Shelley
3248,Olivia Williams
3249,Bill Nunn
3250,Noah Emmerich
3251,Florijan Ajdini
3252,Julianne Moore
3253,Tung Cho 'Joe' Cheung
3254,Kevin McKidd
3255,Steve Buscemi
3256,Slavko Stimac
3257,Abdel Ahmed Ghili
3258,Farida Jalal
3259,Hanno Pöschl
3260,Jean-Pierre Lorit
3261,Faye Wong
3262,Richard Attenborough
3263,Philip King
3264,You Ge
3265,Cuifen Cao
3266,Josh Charles
3267,Jerry O'Connell
3268,Keith David
3269,Aurore Clément
3270,Gorô Naya
3271,Richard Masur
3272,Eleanor David
3273,Miguel Ángel Fuentes
3274,Börje Ahlstedt
3275,Edward James Olmos
3276,John Gielgud
3277,Terry Gilliam
3278,John Savage
3279,Carl Weathers
3280,Robert Duvall
3281,Hardy Krüger
3282,Oleg Yankovskiy
3283,Perry Lopez
3284,John Hillerman
3285,Ingrid Thulin
3286,Vladislav Dvorzhetskiy
3287,Cathy Rosier
3288,J.D. Cannon
3289,Gunnar Björnstrand
3290,Nikolay Sergeev
3291,Samia Kerbash
3292,José Baviera
3293,Wesley Addy
3294,Yûnosuke Itô
3295,Lee Marvin
3296,Evgeniy Zharikov
3297,Birgitta Pettersson
3298,Dick York
3299,Guy Decomble
3300,Haya Harareet
3301,Kamatari Fujiwara
3302,Dorian Gray
3303,Takashi Shimura
3304,Sessue Hayakawa
3305,Rod Steiger
3306,Folco Lulli
3307,Porter Hall
3308,Margaret Wycherly
3309,Trevor Howard
3310,Moira Shearer
3311,Joseph Schildkraut
3312,Judith Anderson
3313,Edward Arnold
3314,Vivien Leigh
3315,Erich von Stroheim
3316,Roscoe Karns
3317,Maurice Schutz
3318,Harry Crocker
3319,Bodil Rosing
3320,Glen Cavender
3321,Lil Dagover
3322,Sanya Malhotra
3323,Richard Dormer
3324,Prakash Belawadi
3325,Kareena Kapoor
3326,Taapsee Pannu
3327,J.K. Simmons
3328,Sunny Pawar
3329,Kate Mara
3330,Jason Bateman
3331,Sathyaraj
3332,James Marsden
3333,Julia Roberts
3334,Vijay Raaz
3335,Jimmy Sheirgill
3336,Kaitlyn Dever
3337,Oka Antara
3338,Allen Leech
3339,Zoe Saldana
3340,Dave Bautista
3341,Rooney Mara
3342,Ben Hardy
3343,Domhnall Gleeson
3344,Paul Rudd
3345,Milhem Cortaz
3346,Derek Jacobi
3347,Bryce Dallas Howard
3348,Ed Skrein
3349,Merila Zare'i
3350,Dibyendu Bhattacharya
3351,Ka Tung Lam
3352,Katie A. Keane
3353,Baris Bagci
3354,Saurabh Shukla
3355,Winona Ryder
3356,Milhem Cortaz
3357,Jeremy Renner
3358,Gena Rowlands
3359,Steve Zahn
3360,Brian Howe
3361,Kagiso Kuypers
3362,Julia Stiles
3363,Jin-mo Joo
3364,Clive Owen
3365,
3366,Safak Sezer
3367,Patton Oswalt
3368,Jeffrey Wright
3369,Daryl Hannah
3370,Nataliya Vdovina
3371,Kim Young-Min
3372,Mabel Rivera
3373,Paul Giamatti
3374,Jaya Bachchan
3375,Anthony Chau-Sang Wong
3376,Keira Knightley
3377,Jessica Lange
3378,Jason Lee
3379,Song Wok-suk
3380,Harriet Andersson
3381,Altan Erkekli
3382,Holmes Osborne
3383,Philip Seymour Hoffman
3384,Peter Stormare
3385,Joseph A. Carpenter
3386,Masaaki Ôkura
3387,Paprika Steen
3388,Soia Lira
3389,Vin Diesel
3390,Moritz Bleibtreu
3391,John Ritter
3392,Claire Rushbrook
3393,Joseph Melito
3394,Kôichi Yamadera
3395,William Hickey
3396,Stephen Tobolowsky
3397,Enrique Castillo
3398,Gabrielle Anwar
3399,Linda Larkin
3400,Walter Matthau
3401,Jesse Corti
3402,Rodney A. Grant
3403,Richard Edson
3404,
3405,Tesshô Genda
3406,Chris Sarandon
3407,Curt Bois
3408,Stanislas Carré de Malberg
3409,Minori Terada
3410,Paul Winfield
3411,Roshan Seth
3412,Jinpachi Nezu
3413,Jack Warden
3414,Carol Kane
3415,Lorraine Gary
3416,Sully Boyar
3417,Peter Boyle
3418,Don Gordon
3419,Lee J. Cobb
3420,John Matthews
3421,Ben Johnson
3422,Molly Picon
3423,Enzo Tarascio
3424,Strother Martin
3425,Sidney Blackmer
3426,Maurice Evans
3427,William Daniels
3428,Sandy Dennis
3429,Richard Haydn
3430,Rod Steiger
3431,Wolfgang Lukschy
3432,Sandra Milo
3433,Guylaine Schlumberger
3434,George C. Scott
3435,Yvonne Furneaux
3436,Angie Dickinson
3437,Arthur O'Connell
3438,Joseph Calleia
3439,Jack Carson
3440,Martin Milner
3441,Jay C. Flippen
3442,James Gleason
3443,Aldo Silvani
3444,Charles Vanel
3445,Robert Strauss
3446,Hartley Power
3447,Karl Malden
3448,Carl Benton Reid
3449,Joan Greenwood
3450,Dick Hogan
3451,Rhonda Fleming
3452,Joyce Carey
3453,Vincent Price
3454,Teresa Wright
3455,Jack Carson
3456,Peter Lorre
3457,Charley Grapewin
3458,Richard Thorpe
3459,Mila Parély
3460,Nat Pendleton
3461,Arnold Lucy
3462,Ivan Bobrov
3463,Jamie Lee Curtis
3464,Saswata Chatterjee
3465,Mayu Matsuoka
3466,Azhy Robertson
3467,Amira Casar
3468,Sharon Percy
3469,Bob Balaban
3470,Rachel House
3471,Annalise Basso
3472,Jack Reynor
3473,Mark Ruffalo
3474,Riz Ahmed
3475,Taika Waititi
3476,Michael Stuhlbarg
3477,Domhnall Gleeson
3478,Ariane Labed
3479,James McAvoy
3480,Ahmet Mümtaz Taylan
3481,James Cromwell
3482,Brendan Gleeson
3483,Alexandre Tharaud
3484,Harvey Keitel
3485,Reda Kateb
3486,Rosie Shaw
3487,Henrik Dahl
3488,Nathalie Boltt
3489,Mark Margolis
3490,Dara Singh
3491,Elijah Smith
3492,Alexandru Potocean
3493,Leonard Nimoy
3494,Elizabeth Berrington
3495,Ellen Crawford
3496,Ryô Kase
3497,Kim Uylenbroek
3498,Tabu
3499,Jason Schwartzman
3500,Émile Vallée
3501,Kad Merad
3502,Jeff Bridges
3503,Lucy Davis
3504,Zarah Jane McKenzie
3505,Emmy Rossum
3506,Richard Griffiths
3507,Ziyi Zhang
3508,Leonor Watling
3509,Georges Siatidis
3510,Beau Billingslea
3511,Clive Owen
3512,María Mercedes Villagra
3513,Michael Caine
3514,Frances McDormand
3515,Jeanne Bates
3516,Tim Allen
3517,Luis Guzmán
3518,Shigeru Muroi
3519,Julian Arahanga
3520,Val Kilmer
3521,Benoît Régent
3522,Osamu Saka
3523,John Leguizamo
3524,Anthony Michael Hall
3525,Kirsten Sheridan
3526,Claire Bloom
3527,Charles Martin Smith
3528,Barbara Hershey
3529,Katherine Helmond
3530,Kimberly Stringer
3531,Scott Schwartz
3532,John Candy
3533,Michael Murphy
3534,Leland Palmer
3535,Gaylen Ross
3536,Martin Balsam
3537,Juan Ferrara
3538,Armando Brancia
3539,Bulle Ogier
3540,Del Negro
3541,Cyril Cusack
3542,Michael Strong
3543,Edmond O'Brien
3544,Marilyn Eastman
3545,John Castle
3546,Lee Grant
3547,James Coburn
3548,Angela Lansbury
3549,Charles Laughton
3550,Dominique Blanchar
3551,Pierre Barbaud
3552,Edward G. Robinson
3553,Ward Bond
3554,Burl Ives
3555,Lloyd Bridges
3556,Leo G. Carroll
3557,Victoria Horne
3558,Gene Lockhart
3559,Louis Calhern
3560,Martha Vickers
3561,Howard Da Silva
3562,Ruth Hussey
3563,Gene Lockhart
3564,Basil Rathbone
3565,Harpo Marx
3566,Bruce Cabot
3567,Roscoe Ates
3568,Greta Schröder
3569,Jeremy Strong
3570,Shishir Sharma
3571,Lauren Ridloff
3572,Mina Sadati
3573,Tom Hardy
3574,Edoardo Leo
3575,Kevin Costner
3576,Sally Hawkins
3577,Diljit Dosanjh
3578,Ralph Fiennes
3579,Disha Patani
3580,Lucas Hedges
3581,Mikkel Boe Følsgaard
3582,Donnie Yen
3583,Scarlett Johansson
3584,Walton Goggins
3585,Eliza Scanlen
3586,Robert Gulaczyk
3587,Paddy Considine
3588,Pauline Burlet
3589,Carlo Buccirosso
3590,Lillete Dubey
3591,Dolly Ahluwalia
3592,Jamie Chung
3593,Lydia Wilson
3594,Priya Anand
3595,Masahiko Nishimura
3596,Tony Hale
3597,Donald Sutherland
3598,Bill Murray
3599,Craig Ferguson
3600,Brad Pitt
3601,Yukito Nishii
3602,Ho-jin Chun
3603,Stellan Skarsgård
3604,Catherine Keener
3605,Hee-won Kim
3606,Neil Brown Jr.
3607,Je-mun Yun
3608,Yoo-Jeong Kim
3609,Ken Stott
3610,Ulrich Tukur
3611,Lena Endre
3612,Jeremy Strong
3613,Lars Ranthe
3614,Melissa Leo
3615,Leland Orser
3616,Zac Mattoon O'Brien
3617,Gerard Hendrick
3618,Andy Serkis
3619,Nursel Köse
3620,Saoirse Ronan
3621,Albert Brooks
3622,Josh Brolin
3623,Michelle Rodriguez
3624,Linh Dan Pham
3625,Rudy Youngblood
3626,Greg Kinnear
3627,Bill Nighy
3628,Julia Ormond
3629,Kirron Kher
3630,Paprika Steen
3631,Donald Sutherland
3632,Tessa Mitchell
3633,Aya Okamoto
3634,Alan Tudyk
3635,Robert Patrick
3636,Linda Zilliacus
3637,Ryan Gosling
3638,Mercedes Morán
3639,Lyubov Agapova
3640,Monica Viegas
3641,Kim Tae-Woo
3642,JB Blanc
3643,Wiley Wiggins
3644,Ryan Hurst
3645,Chen Chang
3646,Antonia San Juan
3647,Lari White
3648,David Della Rocco
3649,Diane Venora
3650,Chris Owen
3651,Cameron Diaz
3652,Kathy Bates
3653,Susumu Terajima
3654,Gore Vidal
3655,James Rebhorn
3656,
3657,Patricia Arquette
3658,Mary Steenburgen
3659,Sam Elliott
3660,Patrick Renna
3661,Christopher Reeve
3662,Greg Cruttwell
3663,Julianne Moore
3664,Francis Capra
3665,Eric Radomski
3666,Philip Chan
3667,Alan Randolph Scott
3668,
3669,Lloyd Avery II
3670,Frances Sternhagen
3671,Ruth Nelson
3672,Kappei Yamaguchi
3673,Morgan Freeman
3674,Kong Chu
3675,Thomas F. Wilson
3676,Brad Dourif
3677,Elpidia Carrillo
3678,Kassie Wesley DePaiva
3679,Jeffrey Jones
3680,Nicoletta Braschi
3681,Corey Feldman
3682,Margaret Avery
3683,Ally Sheedy
3684,Julian Sands
3685,Harold Ramis
3686,Dennis Quaid
3687,Sandra Bernhard
3688,Dee Wallace
3689,Justin Henry
3690,Linda Manz
3691,Bill McKinney
3692,Saeed Jaffrey
3693,Frederic Forrest
3694,Jean Topart
3695,Alan Badel
3696,Ramon Bieri
3697,Joel Grey
3698,Roy Kinnear
3699,John McGiver
3700,Efrem Zimbalist Jr.
3701,Katharine Houghton
3702,Gene Hackman
3703,Wilfrid Hyde-White
3704,Glynis Johns
3705,Darryl F. Zanuck
3706,Vanna Urbino
3707,Michael Redgrave
3708,Henri-Jacques Huet
3709,Joanne Dru
3710,Lionel Barrymore
3711,Dolores Moran
3712,Henry Travers
3713,John Carradine
3714,May Whitty
3715,Walter Catlett
3716,Valerie Hobson
3717,Zeppo Marx
3718,Karen Morley
3719,John Boles
3720,Carlos Peralta
3721,Ian Hart
3722,Julian Dennison
3723,Teo Briones
3724,Catherine Keener
3725,Simon Pegg
3726,Ida Engvoll
3727,Cori Gonzalez-Macuer
3728,Nanako Matsushima
3729,Sophie Perry
3730,Michael Caine
3731,Laura Dern
3732,Nick Offerman
3733,Andrea Riseborough
3734,Aurélien Recoing
3735,Amrita Puri
3736,Geert Van Rampelberg
3737,Scarlett Johansson
3738,Kumud Mishra
3739,Bob Odenkirk
3740,Sarah Silverman
3741,Marion Cotillard
3742,Lucy Liu
3743,Kurt Fuller
3744,Elizabeth Banks
3745,Orto Ignatiussen
3746,Benedict Cumberbatch
3747,Andrew Adote
3748,Rooney Mara
3749,Kevin Bacon
3750,Ed Helms
3751,Judi Dench
3752,Jacki Weaver
3753,Alan Arkin
3754,Chloë Grace Moretz
3755,Bill Nighy
3756,Tomoko Yamaguchi
3757,Sam Rockwell
3758,Tôru Furuya
3759,Gattlin Griffith
3760,Anthony Edwards
3761,Ayami Kakiuchi
3762,Yû Kashii
3763,Andrew Shim
3764,Sonoya Mizuno
3765,Neeral Mulchandani
3766,Kerry Washington
3767,Anthony Edwards
3768,Lucy Liu
3769,Natalie Dessay
3770,Alexandra Maria Lara
3771,Donna Murphy
3772,Halina Reijn
3773,Randy Quaid
3774,Logan Lerman
3775,Karina Arroyave
3776,Siu-Lung Leung
3777,Brian Cox
3778,John Sharian
3779,Clifton Powell
3780,Anna Faris
3781,Eric Sykes
3782,Radha Mitchell
3783,Jennifer Saunders
3784,William Atherton
3785,Anne-Marie Duff
3786,Florian Lukas
3787,Sarah Bolger
3788,Dianne Wiest
3789,Tilda Swinton
3790,Eric Bana
3791,Liam Aiken
3792,Wotan Wilke Möhring
3793,Jamie Draven
3794,Theodore Liscinski
3795,Matt Damon
3796,Wendee Lee
3797,Tim Blake Nelson
3798,Matthew Edison
3799,Isaac Hayes
3800,Ajay Naidu
3801,Dylan Baker
3802,Tom Berenger
3803,Seymour Cassel
3804,Fele Martínez
3805,John Malkovich
3806,Cuba Gooding Jr.
3807,Ian Holm
3808,Daniel Prévost
3809,Bruno Kirby
3810,Sonia Todd
3811,John Mahoney
3812,Kate Winslet
3813,Rusty Schwimmer
3814,Charlie Yeung
3815,Maria Grazia Cucinotta
3816,Lisa Spoonauer
3817,Bruce Davison
3818,Buzz Kilman
3819,Miss Piggy
3820,Spike Lee
3821,Eric Schweig
3822,Tsunehiko Kamijô
3823,Alan Arkin
3824,Kevin Bacon
3825,Mary-Louise Parker
3826,Judy Davis
3827,John Turturro
3828,Charles Fleischer
3829,Gwen Eckhaus
3830,Ralph Brown
3831,Ruocheng Ying
3832,Nigel Havers
3833,Elya Baskin
3834,Laura Dern
3835,Irving Metzman
3836,Tommy Chong
3837,John Buckwalter
3838,James Mason
3839,James Doohan
3840,Bill McKinney
3841,Timothy Hutton
3842,Julie Hagerty
3843,Makio Inoue
3844,Nancy Kyes
3845,Jo Van Fleet
3846,Frank Adu
3847,Hector Elizondo
3848,Harvey Korman
3849,Biff McGuire
3850,Ahna Capri
3851,Ronny Cox
3852,Tony Lo Bianco
3853,Reni Santoni
3854,Patrick Wymark
3855,Herb Edelman
3856,John Cassavetes
3857,Geneviève Page
3858,Leo McKern
3859,Yvonne Furneaux
3860,James Booth
3861,Shirley Eaton
3862,Suzanne Pleshette
3863,Lori Martin
3864,Maxine Audley
3865,Eli Wallach
3866,Alexandre Rignault
3867,King Donovan
3868,Jim Backus
3869,Herbert Lom
3870,Walter Hampden
3871,Ward Bond
3872,Sam Jaffe
3873,Peter Bull
3874,Joseph Calleia
3875,David Hand
3876,Henry Travers
3877,Bill Pullman
3878,Michelle La
3879,Emile Hirsch
3880,Marina Vasileva
3881,Christopher Rivera
3882,Charlie Pye Jr.
3883,Octavia Spencer
3884,Dakota Johnson
3885,Burak Yigit
3886,Elit Iscan
3887,Vin Diesel
3888,Eiza González
3889,Jennifer Connelly
3890,Amy Ryan
3891,Huck Milner
3892,Auli'i Cravalho
3893,Jon Bernthal
3894,Phylicia Rashad
3895,Vladimir Vdovichenkov
3896,Gil Birmingham
3897,Mare Winningham
3898,Kodi Smit-McPhee
3899,Aura Garrido
3900,Donny Alamsyah
3901,America Ferrera
3902,Tatsuya Fujiwara
3903,Greg Grunberg
3904,Hailee Steinfeld
3905,Wil Johnson
3906,Russell Brand
3907,Bryce Dallas Howard
3908,Garrett M. Brown
3909,Manuel Morón
3910,Philip Seymour Hoffman
3911,Marisa Paredes
3912,Abigail Breslin
3913,Jennifer Ulrich
3914,Mark Strong
3915,Jae Head
3916,Hiam Abbass
3917,Michael Ealy
3918,Josef Altin
3919,Ian McKellen
3920,Mick Lally
3921,Christopher Plummer
3922,Michelle Monaghan
3923,Emmanuelle Seigner
3924,Yun Qu
3925,Rufus Sewell
3926,Stuart Wolfenden
3927,Michael Gambon
3928,Dominic West
3929,Matthew Goode
3930,Malin Akerman
3931,Bridget Moynahan
3932,Ken Leung
3933,Catherine Keener
3934,Chase Ellison
3935,Joséphine Lebas-Joly
3936,Dominique Pinon
3937,Paul Benjamin
3938,Danny Huston
3939,Ji-Eun Lim
3940,Radha Mitchell
3941,Rosario Dawson
3942,Melora Walters
3943,Alex Palmer
3944,Takeshi Kitano
3945,Ben Stiller
3946,Ana López Mercado
3947,Maggie Smith
3948,Alakina Mann
3949,Rachel Griffiths
3950,Rachel Weisz
3951,Max von Sydow
3952,Liev Schreiber
3953,Bill Sage
3954,Nina Petri
3955,Kirk Acevedo
3956,BD Wong
3957,Michael Lee Gogin
3958,Frank Giering
3959,William Hurt
3960,Jason Patric
3961,Louis Eppolito
3962,Tom Wilkinson
3963,Graham Greene
3964,Lance Henriksen
3965,Victor Slezak
3966,Gary Sinise
3967,Jerzy Stuhr
3968,Rachel Ticotin
3969,Rory Cochrane
3970,Mitchell Whitfield
3971,Mayumi Izuka
3972,Pascal Benezech
3973,John Heard
3974,Talia Shire
3975,Bruno Kirby
3976,Rene Auberjonois
3977,Ricardo Montalban
3978,Michael McKean
3979,Mitchell Ryan
3980,Dan Hedaya
3981,Doug McKeon
3982,Max Phipps
3983,Brian Tyler
3984,Richard Hunt
3985,Jack Thibeau
3986,Ralph Richardson
3987,Paolo Bonacelli
3988,Melinda Dillon
3989,Mark Rydell
3990,Maria Monti
3991,Carroll O'Connor
3992,Bruce Reitherman
3993,John Castle
3994,Ringo Starr
3995,Buddy Ebsen
3996,Carroll Baker
3997,Donna Reed
3998,William Bendix
3999,Godfrey Tearle
